"Name","Start date","End date","Debnr","CPU Cores | Allocated","Memory (GB) | Allocated","Disk Space (GB) | Used","System|Powered ON"
"ack-app-02.acknowledge.local","May 1, 2023, 12:00:00 AM","May 31, 2023, 11:59:01 PM","[<debiteurnummer-011012>]","2","4","125.96","1"
"ack-app-10.acknowledge.local","May 1, 2023, 12:00:00 AM","May 31, 2023, 11:59:01 PM","[<debiteurnummer-011012>]","2","4","71.15","1"
"ack-app-101.acknowledge.local","May 1, 2023, 12:00:00 AM","May 31, 2023, 11:59:01 PM","[<debiteurnummer-011012>]","4","16","142.86","1"
"ack-app-111.acknowledge.local","May 1, 2023, 12:00:00 AM","May 31, 2023, 11:58:59 PM","[<debiteurnummer-011012>]","4","12","130.24","1"
"ack-ctx-01.acknowledge.local","May 1, 2023, 12:00:00 AM","May 31, 2023, 11:59:01 PM","[<debiteurnummer-011012>]","2","6","123.58","1"
"ack-nsr-03.as39371.net","May 1, 2023, 12:00:00 AM","May 31, 2023, 11:58:58 PM","[<debiteurnummer-000002>]","1","2","12.09","1"
"ack-ovpn-mgt-05.internal.acknowledge.services","May 1, 2023, 12:00:00 AM","May 31, 2023, 11:59:01 PM","[<debiteurnummer-011012>]","1","0.5","5.51","1"
"ack-sql-101.acknowledge.local","May 1, 2023, 12:00:00 AM","May 31, 2023, 11:59:00 PM","[<debiteurnummer-011012>]","4","12","437.99","1"
"ack-sql-102.acknowledge.local","May 1, 2023, 12:00:00 AM","May 31, 2023, 11:59:01 PM","[<debiteurnummer-011012>]","4","12","159.2","1"
"ackapp002.acknowledge.local","May 1, 2023, 12:00:00 AM","May 31, 2023, 11:58:59 PM","[<debiteurnummer-011012>]","2","4","63.21","1"
"ackapp003.acknowledge.local","May 1, 2023, 12:00:00 AM","May 31, 2023, 11:59:00 PM","[<debiteurnummer-011012>]","2","8","87.72","1"
"ackapp004.acknowledge.local","May 1, 2023, 12:00:00 AM","May 31, 2023, 11:58:59 PM","[<debiteurnummer-011012>]","2","12","64.65","1"
"ackapp005.acknowledge.local","May 1, 2023, 12:00:00 AM","May 31, 2023, 11:58:58 PM","[<debiteurnummer-011012>]","2","4","74.15","1"
"ackbi001.acknowledge.local","May 1, 2023, 12:00:00 AM","May 31, 2023, 11:59:01 PM","[<debiteurnummer-011012>]","8","24","244.78","1"
"ackbi002.acknowledge.local","May 1, 2023, 12:00:00 AM","May 31, 2023, 11:58:59 PM","[<debiteurnummer-011012>]","8","16","114.07","1"
"ackcdf001.acknowledge.local","May 1, 2023, 12:00:00 AM","May 31, 2023, 11:59:01 PM","[<debiteurnummer-011012>]","1","1","8.39","1"
"ackcdf002.acknowledge.local","May 1, 2023, 12:00:00 AM","May 31, 2023, 11:58:58 PM","[<debiteurnummer-011012>]","1","1","7.63","1"
"ackdas002.acknowledge.local","May 1, 2023, 12:00:00 AM","May 31, 2023, 11:59:01 PM","[<debiteurnummer-011012>]","2","4","43.43","1"
"ackdcs001.acknowledge.local","May 1, 2023, 12:00:00 AM","May 31, 2023, 11:59:00 PM","[<debiteurnummer-011012>]","2","4","57.67","1"
"ackdcs002.acknowledge.local","May 1, 2023, 12:00:00 AM","May 31, 2023, 11:58:58 PM","[<debiteurnummer-011012>]","2","4","62","1"
"ackdcs003.acknowledge.local","May 1, 2023, 12:00:00 AM","May 31, 2023, 11:59:00 PM","[<debiteurnummer-011012>]","2","4","48.81","1"
"ackdwh001.acknowledge.local","May 1, 2023, 12:00:00 AM","May 31, 2023, 11:59:01 PM","[<debiteurnummer-011012>]","4","24","240.59","1"
"ackdwh101.acknowledge.local","May 1, 2023, 12:00:00 AM","May 31, 2023, 11:59:01 PM","[<debiteurnummer-011012>]","4","24","279","1"
"ackexc001.acknowledge.local","May 1, 2023, 12:00:00 AM","May 31, 2023, 11:59:00 PM","[<debiteurnummer-011012>]","4","16","165.46","1"
"ackfls001.acknowledge.local","May 1, 2023, 12:00:00 AM","May 31, 2023, 11:58:59 PM","[<debiteurnummer-011012>]","2","4","1,565.29","1"
"ackmgt002.acknowledge.local","May 1, 2023, 12:00:00 AM","May 31, 2023, 11:59:00 PM","[<debiteurnummer-011012>]","2","4","77.89","1"
"ackmgt003.acknowledge.local","May 1, 2023, 12:00:00 AM","May 31, 2023, 11:58:59 PM","[<debiteurnummer-011012>]","4","8","83.82","1"
"ackndes001.acknowledge.local","May 1, 2023, 12:00:00 AM","May 31, 2023, 11:59:01 PM","[<debiteurnummer-011012>]","2","4","38.08","1"
"ackovpn001.acknowledge.local","May 1, 2023, 12:00:00 AM","May 31, 2023, 11:59:01 PM","[<debiteurnummer-011012>]","1","2","16.73","1"
"ackpbx001.acknowledge.local","May 1, 2023, 12:00:00 AM","May 31, 2023, 11:58:59 PM","[<debiteurnummer-011012>]","4","7.81","178.44","1"
"ackpps001.acknowledge.local","May 1, 2023, 12:00:00 AM","May 31, 2023, 11:58:59 PM","[<debiteurnummer-011012>]","4","16","44.12","1"
"ackprt002.acknowledge.local","May 1, 2023, 12:00:00 AM","May 31, 2023, 11:59:00 PM","[<debiteurnummer-011012>]","2","4","63.58","1"
"ackpwdtest.acknowledge.local","May 1, 2023, 12:00:00 AM","May 31, 2023, 11:59:01 PM","[<debiteurnummer-011012>]","4","12","82.06","1"
"ackrds001.acknowledge.local","May 1, 2023, 12:00:00 AM","May 31, 2023, 11:59:01 PM","[<debiteurnummer-011012>]","4","24","102.97","1"
"acksafe001.acknowledge.local","May 1, 2023, 12:00:00 AM","May 31, 2023, 11:59:00 PM","[<debiteurnummer-011012>]","2","2","53.15","1"
"acksql001.acknowledge.local","May 1, 2023, 12:00:00 AM","May 31, 2023, 11:58:58 PM","[<debiteurnummer-011012>]","8","82","959.86","1"
"acksql002.acknowledge.local","May 1, 2023, 12:00:00 AM","May 31, 2023, 11:59:01 PM","[<debiteurnummer-011012>]","2","8","36.8","1"
"ACKWSUS001","May 1, 2023, 12:00:00 AM","May 31, 2023, 11:59:00 PM","[<debiteurnummer-000002>]","2","16","150.52","1"
"ackwsus002","May 1, 2023, 12:00:00 AM","May 31, 2023, 11:59:01 PM","[<debiteurnummer-000002>]","-","8","91.78","0"
"adb01.nedis.net","May 1, 2023, 12:00:00 AM","May 31, 2023, 11:58:58 PM","[<debiteurnummer-011771>]","4","12","31.29","1"
"ADFS01","May 1, 2023, 12:00:00 AM","May 31, 2023, 11:58:59 PM","[<debiteurnummer-013469>]","2","4","36.14","1"
"ans01.nedis.net","May 1, 2023, 12:00:00 AM","May 31, 2023, 11:59:00 PM","[<debiteurnummer-011771>]","2","2","12.96","1"
"APP01","May 1, 2023, 12:00:00 AM","May 31, 2023, 11:58:59 PM","[<debiteurnummer-011189>]","2","8","102.96","1"
"app01.nedis.net","May 1, 2023, 12:00:00 AM","May 31, 2023, 11:59:00 PM","[<debiteurnummer-011771>]","2","4","44.9","1"
"APP02","May 1, 2023, 12:00:00 AM","May 31, 2023, 11:59:00 PM","[<debiteurnummer-011189>]","2","8","83.66","1"
"app02.nedis.net","May 1, 2023, 12:00:00 AM","May 31, 2023, 11:59:01 PM","[<debiteurnummer-011771>]","2","8","44.66","1"
"APP03","May 1, 2023, 12:00:00 AM","May 31, 2023, 11:58:59 PM","[<debiteurnummer-011189>]","2","8","118.1","1"
"APP06","May 1, 2023, 12:00:00 AM","May 31, 2023, 11:58:58 PM","[<debiteurnummer-013469>]","4","32","373.49","1"
"app07.summa.local","May 1, 2023, 12:00:00 AM","May 31, 2023, 11:58:59 PM","[<debiteurnummer-013469>]","2","8","43.51","1"
"asav.acknowledge.local","May 1, 2023, 12:00:00 AM","May 31, 2023, 11:58:59 PM","[<debiteurnummer-011012>]","1","2","2.19","1"
"asav.nedis.net","May 1, 2023, 12:00:00 AM","May 31, 2023, 11:59:01 PM","[<debiteurnummer-011771>]","1","2","0.79","1"
"asav.ssoe.int","May 1, 2023, 12:00:00 AM","May 31, 2023, 11:59:01 PM","[<debiteurnummer-911094>]","1","2","1.88","1"
"AVI01","May 1, 2023, 12:00:00 AM","May 31, 2023, 11:58:59 PM","[<debiteurnummer-014146>]","2","4","57.13","1"
"Beheer","May 1, 2023, 12:00:00 AM","May 31, 2023, 11:59:01 PM","[<debiteurnummer-017523>]","1","4","65.64","1"
"boudcs001","May 1, 2023, 12:00:00 AM","May 31, 2023, 11:58:58 PM","[<debiteurnummer-011118>]","2","4","38.99","1"
"bourds001","May 1, 2023, 12:00:00 AM","May 31, 2023, 11:58:59 PM","[<debiteurnummer-011118>]","2","8","42.68","1"
"buidcs001","May 1, 2023, 12:00:00 AM","May 31, 2023, 11:59:00 PM","[<debiteurnummer-011134>]","2","4","43.22","1"
"buidcs002","May 1, 2023, 12:00:00 AM","May 31, 2023, 11:58:59 PM","[<debiteurnummer-011134>]","2","4","39.23","1"
"buirds001","May 1, 2023, 12:00:00 AM","May 31, 2023, 11:58:59 PM","[<debiteurnummer-011134>]","2","16","83.89","1"
"bvo-acr01","May 1, 2023, 12:00:00 AM","May 31, 2023, 11:58:59 PM","[<debiteurnummer-014146>]","2","8","65.78","1"
"BVO-ADFS02","May 1, 2023, 12:00:00 AM","May 31, 2023, 11:59:01 PM","[<debiteurnummer-014146>]","1","4","41.41","1"
"BVO-ADFS02-stuk","May 1, 2023, 12:00:00 AM","May 31, 2023, 11:58:57 PM","[<debiteurnummer-014146>]","-","4","30.17","0"
"BVO-APP01","May 1, 2023, 12:00:00 AM","May 31, 2023, 11:59:00 PM","[<debiteurnummer-014146>]","1","4","41.3","1"
"BVO-APP03","May 1, 2023, 12:00:00 AM","May 31, 2023, 11:58:59 PM","[<debiteurnummer-014146>]","4","8","83.13","1"
"BVO-APP03T","May 1, 2023, 12:00:00 AM","May 31, 2023, 11:58:59 PM","[<debiteurnummer-014146>]","2","8","77.47","1"
"BVO-APP04","May 1, 2023, 12:00:00 AM","May 31, 2023, 11:58:59 PM","[<debiteurnummer-014146>]","4","16","96.82","1"
"BVO-APP05","May 1, 2023, 12:00:00 AM","May 31, 2023, 11:59:01 PM","[<debiteurnummer-014146>]","1","8","18.54","1"
"BVO-DBS01","May 1, 2023, 12:00:00 AM","May 31, 2023, 11:59:01 PM","[<debiteurnummer-014146>]","4","32","182.11","1"
"BVO-DCS01","May 1, 2023, 12:00:00 AM","May 31, 2023, 11:58:59 PM","[<debiteurnummer-014146>]","2","4","47.05","1"
"BVO-DCS02","May 1, 2023, 12:00:00 AM","May 31, 2023, 11:58:58 PM","[<debiteurnummer-014146>]","2","4","38.6","1"
"BVO-DDC01","May 1, 2023, 12:00:00 AM","May 31, 2023, 11:58:58 PM","[<debiteurnummer-014146>]","2","8","68.23","1"
"BVO-EMS01","May 1, 2023, 12:00:00 AM","May 31, 2023, 11:58:58 PM","[<debiteurnummer-014146>]","4","16","707.4","1"
"BVO-FLS01","May 1, 2023, 12:00:00 AM","May 31, 2023, 11:59:00 PM","[<debiteurnummer-014146>]","2","4","1,010.3","1"
"BVO-LB02","May 1, 2023, 12:00:00 AM","May 31, 2023, 11:59:00 PM","[<debiteurnummer-014146>]","1","2","12.1","1"
"BVO-MGT01","May 1, 2023, 12:00:00 AM","May 31, 2023, 11:58:59 PM","[<debiteurnummer-014146>]","2","4","140.24","1"
"BVO-OVPN01","May 1, 2023, 12:00:00 AM","May 31, 2023, 11:59:01 PM","[<debiteurnummer-014146>]","1","0.5","9.83","1"
"bvo-pbx01","May 1, 2023, 12:00:00 AM","May 31, 2023, 11:58:59 PM","[<debiteurnummer-014146>]","4","7.81","103.99","1"
"BVO-PRS01","May 1, 2023, 12:00:00 AM","May 31, 2023, 11:59:01 PM","[<debiteurnummer-014146>]","2","6","40.77","1"
"BVO-VirtualLab","May 1, 2023, 12:00:00 AM","May 31, 2023, 11:58:58 PM","none","1","1","1.08","1"
"BVOSBC01","May 1, 2023, 12:00:00 AM","May 31, 2023, 11:58:58 PM","[<debiteurnummer-014146>]","4","24","74.99","1"
"BVOSBC02","May 1, 2023, 12:00:00 AM","May 31, 2023, 11:58:58 PM","[<debiteurnummer-014146>]","4","24","74.54","1"
"BVOSBC03","May 1, 2023, 12:00:00 AM","May 31, 2023, 11:59:01 PM","[<debiteurnummer-014146>]","4","24","75.05","1"
"BVOSBC04","May 1, 2023, 12:00:00 AM","May 31, 2023, 11:59:01 PM","[<debiteurnummer-014146>]","4","24","73.43","1"
"BVOSBC05","May 1, 2023, 12:00:00 AM","May 31, 2023, 11:58:59 PM","[<debiteurnummer-014146>]","4","24","74.85","1"
"BVOSBC06","May 1, 2023, 12:00:00 AM","May 31, 2023, 11:59:01 PM","[<debiteurnummer-014146>]","4","24","75.07","1"
"BVOSBCM01","May 1, 2023, 12:00:00 AM","May 31, 2023, 11:58:58 PM","[<debiteurnummer-014146>]","4","24","85.28","1"
"BVOSBCTEST11","May 1, 2023, 12:00:00 AM","May 31, 2023, 11:58:59 PM","[<debiteurnummer-014146>]","2","24","75.68","1"
"capdcs001","May 1, 2023, 12:00:00 AM","May 31, 2023, 11:59:00 PM","[<debiteurnummer-011135>]","1","4","145.04","1"
"capdcs002","May 1, 2023, 12:00:00 AM","May 31, 2023, 11:59:01 PM","[<debiteurnummer-011135>]","2","6","44.46","1"
"capehs001","May 1, 2023, 12:00:00 AM","May 31, 2023, 11:59:00 PM","[<debiteurnummer-011135>]","2","12","98.04","1"
"caprds001","May 1, 2023, 12:00:00 AM","May 31, 2023, 11:58:58 PM","[<debiteurnummer-011135>]","2","8","54.61","1"
"capsccm002","May 1, 2023, 12:00:00 AM","May 31, 2023, 11:59:01 PM","[<debiteurnummer-011135>]","2","8","161","1"
"CDC001","May 1, 2023, 12:00:00 AM","May 31, 2023, 11:58:59 PM","[<debiteurnummer-013469>]","2","6","58.1","1"
"CDC02","May 1, 2023, 12:00:00 AM","May 31, 2023, 11:58:59 PM","[<debiteurnummer-013469>]","2","6","78.89","1"
"cdn11.nedis.net","May 1, 2023, 12:00:00 AM","May 31, 2023, 11:59:01 PM","[<debiteurnummer-011771>]","2","4","20.11","1"
"cdn11.test.nedis.net","May 1, 2023, 12:00:00 AM","May 31, 2023, 11:58:59 PM","[<debiteurnummer-011771>]","2","4","11.87","1"
"cdn12.nedis.net","May 1, 2023, 12:00:00 AM","May 31, 2023, 11:58:58 PM","[<debiteurnummer-011771>]","2","4","21.74","1"
"cdn13.nedis.net","May 1, 2023, 12:00:00 AM","May 31, 2023, 11:58:58 PM","[<debiteurnummer-011771>]","2","4","22.41","1"
"cdptst001","May 1, 2023, 12:00:00 AM","May 31, 2023, 11:59:01 PM","[<debiteurnummer-000002>]","-","4","47.43","0"
"cldadf002.acknowledge.cloud","May 1, 2023, 12:00:00 AM","May 31, 2023, 11:58:59 PM","[<debiteurnummer-000002>]","2","4","49.59","1"
"CLDDCS001","May 1, 2023, 12:00:00 AM","May 31, 2023, 11:59:00 PM","[<debiteurnummer-000002>]","2","4","42.37","1"
"CLDDCS002","May 1, 2023, 12:00:00 AM","May 31, 2023, 11:58:59 PM","[<debiteurnummer-000002>]","2","4","39.54","1"
"CLDOVPN001","May 1, 2023, 12:00:00 AM","May 31, 2023, 11:58:59 PM","[<debiteurnummer-000002>]","1","0.5","10.58","1"
"CLDSCCM001","May 1, 2023, 12:00:00 AM","May 31, 2023, 11:58:57 PM","[<debiteurnummer-000002>]","-","16","604.04","0"
"cms11.nedis.net","May 1, 2023, 12:00:00 AM","May 31, 2023, 11:59:01 PM","[<debiteurnummer-011771>]","4","6","33.71","1"
"cms11.test.nedis.net","May 1, 2023, 12:00:00 AM","May 31, 2023, 11:59:00 PM","[<debiteurnummer-011771>]","2","4","27.05","1"
"cms12.nedis.net","May 1, 2023, 12:00:00 AM","May 31, 2023, 11:59:01 PM","[<debiteurnummer-011771>]","4","6","34.15","1"
"cmsdb11.nedis.net","May 1, 2023, 12:00:00 AM","May 31, 2023, 11:59:01 PM","[<debiteurnummer-011771>]","2","8","80.32","1"
"cmsdb11.test.nedis.net","May 1, 2023, 12:00:00 AM","May 31, 2023, 11:58:58 PM","[<debiteurnummer-011771>]","2","8","54.88","1"
"cmsdb12.nedis.net","May 1, 2023, 12:00:00 AM","May 31, 2023, 11:59:01 PM","[<debiteurnummer-011771>]","2","8","80.38","1"
"cmsdb13.nedis.net","May 1, 2023, 12:00:00 AM","May 31, 2023, 11:59:01 PM","[<debiteurnummer-011771>]","2","8","85.04","1"
"CONOVPN001","May 1, 2023, 12:00:00 AM","May 31, 2023, 11:59:00 PM","[<debiteurnummer-014887>]","1","0.5","11.32","1"
"core11.nedis.net","May 1, 2023, 12:00:00 AM","May 31, 2023, 11:58:59 PM","[<debiteurnummer-011771>]","2","4","12.17","1"
"core11.test.nedis.net","May 1, 2023, 12:00:00 AM","May 31, 2023, 11:59:00 PM","[<debiteurnummer-011771>]","2","4","11.93","1"
"core12.nedis.net","May 1, 2023, 12:00:00 AM","May 31, 2023, 11:58:58 PM","[<debiteurnummer-011771>]","2","4","12.06","1"
"dattacvd006a.nedis.net.old","May 1, 2023, 12:00:00 AM","May 31, 2023, 11:58:57 PM","[<debiteurnummer-011771>]","-","16","36.47","0"
"dattacvd006a.nedis.net_r","May 1, 2023, 12:00:00 AM","May 31, 2023, 11:58:59 PM","[<debiteurnummer-011771>]","2","16","101.3","1"
"dattacvx018a.nedis.net","May 1, 2023, 12:00:00 AM","May 31, 2023, 11:58:58 PM","[<debiteurnummer-011771>]","2","16","92.47","1"
"dbs001.corp.acknowledge.cloud","May 1, 2023, 12:00:00 AM","May 31, 2023, 11:58:58 PM","[<debiteurnummer-000002>]","4","16","171.77","1"
"DBS01","May 1, 2023, 12:00:00 AM","May 31, 2023, 11:59:00 PM","[<debiteurnummer-011189>]","4","32","520.32","1"
"dbs01.nedis.net","May 1, 2023, 12:00:00 AM","May 31, 2023, 11:58:58 PM","[<debiteurnummer-011771>]","4","28","1,117.71","1"
"dbs01.summa.local","May 1, 2023, 12:00:00 AM","May 31, 2023, 11:58:59 PM","[<debiteurnummer-013469>]","4","32","1,144.12","1"
"dbs04.summa.local","May 1, 2023, 12:00:00 AM","May 31, 2023, 11:58:59 PM","[<debiteurnummer-013469>]","2","12","66.69","1"
"dbs91.summa.local","May 1, 2023, 12:00:00 AM","May 31, 2023, 11:58:58 PM","[<debiteurnummer-013469>]","2","16","966.92","1"
"dca01.nedis.net","May 1, 2023, 12:00:00 AM","May 31, 2023, 11:59:00 PM","[<debiteurnummer-011771>]","2","4","33.2","1"
"dck01.dev.nedis.net","May 1, 2023, 12:00:00 AM","May 31, 2023, 11:58:58 PM","[<debiteurnummer-011771>]","1","2","27.36","1"
"DCS001.summa.local","May 1, 2023, 12:00:00 AM","May 31, 2023, 11:58:59 PM","[<debiteurnummer-013469>]","2","4","47.99","1"
"DCS002.summa.local","May 1, 2023, 12:00:00 AM","May 31, 2023, 11:59:00 PM","[<debiteurnummer-013469>]","2","4","46.62","1"
"DCS01","May 1, 2023, 12:00:00 AM","May 31, 2023, 11:58:58 PM","[<debiteurnummer-011189>]","2","4","81.92","1"
"DCS01 - CliÃ«nten","May 1, 2023, 12:00:00 AM","May 31, 2023, 11:59:00 PM","[<debiteurnummer-011189>]","2","6","56.02","1"
"dcs01.nedis.net","May 1, 2023, 12:00:00 AM","May 31, 2023, 11:59:00 PM","[<debiteurnummer-011771>]","2","8","40.91","1"
"DCS02","May 1, 2023, 12:00:00 AM","May 31, 2023, 11:58:59 PM","[<debiteurnummer-011189>]","2","4","83.9","1"
"dcs02.nedis.net","May 1, 2023, 12:00:00 AM","May 31, 2023, 11:59:01 PM","[<debiteurnummer-011771>]","2","4","44.4","1"
"delapp001.natschool.nl","May 1, 2023, 12:00:00 AM","May 31, 2023, 11:59:00 PM","[<debiteurnummer-013590>]","2","8","59.23","1"
"deldbs001.natschool.nl","May 1, 2023, 12:00:00 AM","May 31, 2023, 11:58:59 PM","[<debiteurnummer-013590>]","2","8","11,028.26","1"
"deltst001.natschool.nl","May 1, 2023, 12:00:00 AM","May 31, 2023, 11:58:58 PM","[<debiteurnummer-013590>]","2","6","123.6","1"
"drup11.nedis.net","May 1, 2023, 12:00:00 AM","May 31, 2023, 11:58:59 PM","[<debiteurnummer-011771>]","2","4","13.33","1"
"drup11.test.nedis.net","May 1, 2023, 12:00:00 AM","May 31, 2023, 11:58:59 PM","[<debiteurnummer-011771>]","2","4","17.47","1"
"edge01-ack-ehv","May 1, 2023, 12:00:00 AM","May 31, 2023, 11:59:01 PM","[<debiteurnummer-000002>]","8","32","155.49","1"
"edge01-cus-ehv","May 1, 2023, 12:00:00 AM","May 31, 2023, 11:58:58 PM","[<debiteurnummer-000002>]","4","8","124.86","1"
"edge02-ack-ehv","May 1, 2023, 12:00:00 AM","May 31, 2023, 11:58:58 PM","[<debiteurnummer-000002>]","8","32","162.74","1"
"edge02-cus-ehv","May 1, 2023, 12:00:00 AM","May 31, 2023, 11:59:01 PM","[<debiteurnummer-000002>]","4","8","150.52","1"
"EFNA1","May 1, 2023, 12:00:00 AM","May 31, 2023, 11:58:59 PM","[<debiteurnummer-017523>]","2","8","610.09","1"
"EFNW1","May 1, 2023, 12:00:00 AM","May 31, 2023, 11:58:58 PM","[<debiteurnummer-017523>]","1","8","88.17","1"
"EHS001","May 1, 2023, 12:00:00 AM","May 31, 2023, 11:58:58 PM","[<debiteurnummer-013469>]","4","16","148.78","1"
"ehs01.nedis.net","May 1, 2023, 12:00:00 AM","May 31, 2023, 11:59:00 PM","[<debiteurnummer-011771>]","2","12","122.41","1"
"EIN1NLVSVR0101","May 1, 2023, 12:00:00 AM","May 31, 2023, 11:59:00 PM","[<debiteurnummer-014887>]","4","6","90.14","1"
"EIN1NLVSVR0102","May 1, 2023, 12:00:00 AM","May 31, 2023, 11:58:57 PM","[<debiteurnummer-014887>]","-","6","96.06","0"
"EIN1NLVSVR1001","May 1, 2023, 12:00:00 AM","May 31, 2023, 11:59:00 PM","[<debiteurnummer-014887>]","2","4","64.06","1"
"EIN1NLVSVR1002","May 1, 2023, 12:00:00 AM","May 31, 2023, 11:58:59 PM","[<debiteurnummer-014887>]","2","4","60.7","1"
"EIN1NLVSVR1201","May 1, 2023, 12:00:00 AM","May 31, 2023, 11:58:59 PM","[<debiteurnummer-014887>]","2","6","3,130.97","1"
"EIN1NLVSVR1202","May 1, 2023, 12:00:00 AM","May 31, 2023, 11:58:59 PM","[<debiteurnummer-014887>]","2","4","61.06","1"
"EIN1NLVSVR1203","May 1, 2023, 12:00:00 AM","May 31, 2023, 11:58:59 PM","[<debiteurnummer-014887>]","2","4","47.16","1"
"EIN1NLVSVR1204","May 1, 2023, 12:00:00 AM","May 31, 2023, 11:59:01 PM","[<debiteurnummer-014887>]","4","16","169.6","1"
"EIN1NLVSVR1207","May 1, 2023, 12:00:00 AM","May 31, 2023, 11:58:58 PM","[<debiteurnummer-014887>]","4","8","44.9","1"
"EIN1NLVSVR1208","May 1, 2023, 12:00:00 AM","May 31, 2023, 11:58:59 PM","[<debiteurnummer-014887>]","2","8","41.72","1"
"EIN1NLVSVR1209","May 1, 2023, 12:00:00 AM","May 31, 2023, 11:58:59 PM","[<debiteurnummer-014887>]","2","8","38.61","1"
"EIN1NLVSVR1301","May 1, 2023, 12:00:00 AM","May 31, 2023, 11:59:01 PM","[<debiteurnummer-014887>]","4","24","95.84","1"
"EIN1NLVSVR1302","May 1, 2023, 12:00:00 AM","May 31, 2023, 11:58:58 PM","[<debiteurnummer-014887>]","4","24","89.69","1"
"EIN1NLVSVR1303","May 1, 2023, 12:00:00 AM","May 31, 2023, 11:59:01 PM","[<debiteurnummer-014887>]","4","24","90.36","1"
"EIN1NLVSVR1304","May 1, 2023, 12:00:00 AM","May 31, 2023, 11:59:01 PM","[<debiteurnummer-014887>]","4","24","95.05","1"
"EIN1NLVSVR1305","May 1, 2023, 12:00:00 AM","May 31, 2023, 11:59:00 PM","[<debiteurnummer-014887>]","4","24","77.53","1"
"EIN1NLVSVR1306","May 1, 2023, 12:00:00 AM","May 31, 2023, 11:58:58 PM","[<debiteurnummer-014887>]","4","24","88.72","1"
"EIN1NLVSVR1307","May 1, 2023, 12:00:00 AM","May 31, 2023, 11:58:59 PM","[<debiteurnummer-014887>]","4","24","87.94","1"
"EIN1NLVSVR1308","May 1, 2023, 12:00:00 AM","May 31, 2023, 11:59:01 PM","[<debiteurnummer-014887>]","4","24","89.12","1"
"EIN1NLVSVR1309","May 1, 2023, 12:00:00 AM","May 31, 2023, 11:59:00 PM","[<debiteurnummer-014887>]","4","24","93.31","1"
"EIN1NLVSVR1310","May 1, 2023, 12:00:00 AM","May 31, 2023, 11:59:00 PM","[<debiteurnummer-014887>]","4","24","94.98","1"
"EIN1NLVSVR1311","May 1, 2023, 12:00:00 AM","May 31, 2023, 11:58:58 PM","[<debiteurnummer-014887>]","4","24","86.07","1"
"EIN1NLVSVR1312","May 1, 2023, 12:00:00 AM","May 31, 2023, 11:58:58 PM","[<debiteurnummer-014887>]","4","24","88.51","1"
"EIN1NLVSVR1313","May 1, 2023, 12:00:00 AM","May 31, 2023, 11:58:59 PM","[<debiteurnummer-014887>]","4","24","82.81","1"
"EIN1NLVSVR1314","May 1, 2023, 12:00:00 AM","May 31, 2023, 11:59:00 PM","[<debiteurnummer-014887>]","4","24","94.27","1"
"EIN1NLVSVR1315","May 1, 2023, 12:00:00 AM","May 31, 2023, 11:59:01 PM","[<debiteurnummer-014887>]","4","24","88.59","1"
"EIN1NLVSVR1316","May 1, 2023, 12:00:00 AM","May 31, 2023, 11:58:59 PM","[<debiteurnummer-014887>]","4","24","87.68","1"
"EIN1NLVSVR1317","May 1, 2023, 12:00:00 AM","May 31, 2023, 11:58:58 PM","[<debiteurnummer-014887>]","4","24","91.33","1"
"EIN1NLVSVR1318","May 1, 2023, 12:00:00 AM","May 31, 2023, 11:58:58 PM","[<debiteurnummer-014887>]","4","24","85.97","1"
"EIN1NLVSVR1319","May 1, 2023, 12:00:00 AM","May 31, 2023, 11:59:00 PM","[<debiteurnummer-014887>]","4","24","87","1"
"EIN1NLVSVR1320","May 1, 2023, 12:00:00 AM","May 31, 2023, 11:58:58 PM","[<debiteurnummer-014887>]","4","24","88.3","1"
"EIN1NLVSVR1321","May 1, 2023, 12:00:00 AM","May 31, 2023, 11:59:00 PM","[<debiteurnummer-014887>]","4","24","86.04","1"
"EIN1NLVSVR1322","May 1, 2023, 12:00:00 AM","May 31, 2023, 11:58:59 PM","[<debiteurnummer-014887>]","4","24","86.75","1"
"EIN1NLVSVR1323","May 1, 2023, 12:00:00 AM","May 31, 2023, 11:58:59 PM","[<debiteurnummer-014887>]","4","24","90.03","1"
"EIN1NLVSVR1324","May 1, 2023, 12:00:00 AM","May 31, 2023, 11:58:58 PM","[<debiteurnummer-014887>]","4","24","87.44","1"
"EIN1NLVSVR1325","May 1, 2023, 12:00:00 AM","May 31, 2023, 11:58:59 PM","[<debiteurnummer-014887>]","4","24","88.72","1"
"EIN1NLVSVR1326","May 1, 2023, 12:00:00 AM","May 31, 2023, 11:59:00 PM","[<debiteurnummer-014887>]","4","24","87.52","1"
"EIN1NLVSVR1327","May 1, 2023, 12:00:00 AM","May 31, 2023, 11:58:58 PM","[<debiteurnummer-014887>]","4","24","88.84","1"
"EIN1NLVSVR1328","May 1, 2023, 12:00:00 AM","May 31, 2023, 11:59:01 PM","[<debiteurnummer-014887>]","4","24","85.84","1"
"EIN1NLVSVR1329","May 1, 2023, 12:00:00 AM","May 31, 2023, 11:59:01 PM","[<debiteurnummer-014887>]","4","24","83.08","1"
"EIN1NLVSVR1330","May 1, 2023, 12:00:00 AM","May 31, 2023, 11:59:01 PM","[<debiteurnummer-014887>]","4","24","88.57","1"
"EIN1NLVSVR1331","May 1, 2023, 12:00:00 AM","May 31, 2023, 11:58:58 PM","[<debiteurnummer-014887>]","4","24","88.12","1"
"EIN1NLVSVR1332","May 1, 2023, 12:00:00 AM","May 31, 2023, 11:59:01 PM","[<debiteurnummer-014887>]","4","24","88.33","1"
"EIN1NLVSVR1333","May 1, 2023, 12:00:00 AM","May 31, 2023, 11:59:01 PM","[<debiteurnummer-014887>]","4","24","85.81","1"
"EIN1NLVSVR1334","May 1, 2023, 12:00:00 AM","May 31, 2023, 11:58:58 PM","[<debiteurnummer-014887>]","4","24","88.74","1"
"EIN1NLVSVR1335","May 1, 2023, 12:00:00 AM","May 31, 2023, 11:58:59 PM","[<debiteurnummer-014887>]","4","24","87.32","1"
"EIN1NLVSVR1336","May 1, 2023, 12:00:00 AM","May 31, 2023, 11:59:01 PM","[<debiteurnummer-014887>]","4","24","89.69","1"
"EIN1NLVSVR1337","May 1, 2023, 12:00:00 AM","May 31, 2023, 11:59:00 PM","[<debiteurnummer-014887>]","4","24","90.77","1"
"EIN1NLVSVR1338","May 1, 2023, 12:00:00 AM","May 31, 2023, 11:59:00 PM","[<debiteurnummer-014887>]","4","24","86.8","1"
"EIN1NLVSVR1339","May 1, 2023, 12:00:00 AM","May 31, 2023, 11:59:00 PM","[<debiteurnummer-014887>]","4","24","92.94","1"
"EIN1NLVSVR1340","May 1, 2023, 12:00:00 AM","May 31, 2023, 11:58:58 PM","[<debiteurnummer-014887>]","4","24","90.45","1"
"EIN1NLVSVR1341","May 1, 2023, 12:00:00 AM","May 31, 2023, 11:58:59 PM","[<debiteurnummer-014887>]","4","24","93.21","1"
"EIN1NLVSVR1342","May 1, 2023, 12:00:00 AM","May 31, 2023, 11:59:01 PM","[<debiteurnummer-014887>]","4","24","93.69","1"
"EIN1NLVSVR1343","May 1, 2023, 12:00:00 AM","May 31, 2023, 11:59:01 PM","[<debiteurnummer-014887>]","4","24","90.91","1"
"EIN1NLVSVR1344","May 1, 2023, 12:00:00 AM","May 31, 2023, 11:59:01 PM","[<debiteurnummer-014887>]","4","24","90.47","1"
"EIN1NLVSVR1345","May 1, 2023, 12:00:00 AM","May 31, 2023, 11:59:00 PM","[<debiteurnummer-014887>]","4","24","93.99","1"
"EIN1NLVSVR1346","May 1, 2023, 12:00:00 AM","May 31, 2023, 11:58:59 PM","[<debiteurnummer-014887>]","4","24","96.81","1"
"EIN1NLVSVR1347","May 1, 2023, 12:00:00 AM","May 31, 2023, 11:58:58 PM","[<debiteurnummer-014887>]","4","24","91.68","1"
"EIN1NLVSVR1348","May 1, 2023, 12:00:00 AM","May 31, 2023, 11:59:01 PM","[<debiteurnummer-014887>]","4","24","91.48","1"
"EIN1NLVSVR1349","May 1, 2023, 12:00:00 AM","May 31, 2023, 11:59:01 PM","[<debiteurnummer-014887>]","4","24","94.07","1"
"EIN1NLVSVR1350","May 1, 2023, 12:00:00 AM","May 31, 2023, 11:59:00 PM","[<debiteurnummer-014887>]","4","24","86.04","1"
"EIN1NLVSVR1351","May 1, 2023, 12:00:00 AM","May 31, 2023, 11:58:58 PM","[<debiteurnummer-014887>]","4","24","82.18","1"
"EIN1NLVSVR1352","May 1, 2023, 12:00:00 AM","May 31, 2023, 11:58:58 PM","[<debiteurnummer-014887>]","4","24","85.71","1"
"EIN1NLVSVR1353","May 1, 2023, 12:00:00 AM","May 31, 2023, 11:59:01 PM","[<debiteurnummer-014887>]","4","24","85.62","1"
"EIN1NLVSVR1354","May 1, 2023, 12:00:00 AM","May 31, 2023, 11:58:58 PM","[<debiteurnummer-014887>]","4","24","88.52","1"
"EIN1NLVSVR1355","May 1, 2023, 12:00:00 AM","May 31, 2023, 11:58:58 PM","[<debiteurnummer-014887>]","4","24","86.15","1"
"EIN1NLVSVR1356","May 1, 2023, 12:00:00 AM","May 31, 2023, 11:59:01 PM","[<debiteurnummer-014887>]","4","24","86.25","1"
"EIN1NLVSVR1357","May 1, 2023, 12:00:00 AM","May 31, 2023, 11:59:01 PM","[<debiteurnummer-014887>]","4","24","83.89","1"
"EIN1NLVSVR1358","May 1, 2023, 12:00:00 AM","May 31, 2023, 11:59:00 PM","[<debiteurnummer-014887>]","4","24","106.39","1"
"EIN1NLVSVR1359","May 1, 2023, 12:00:00 AM","May 31, 2023, 11:59:01 PM","[<debiteurnummer-014887>]","4","24","83.49","1"
"EIN1NLVSVR1360","May 1, 2023, 12:00:00 AM","May 31, 2023, 11:59:01 PM","[<debiteurnummer-014887>]","4","24","83","1"
"EIN1NLVSVR1361","May 1, 2023, 12:00:00 AM","May 31, 2023, 11:59:00 PM","[<debiteurnummer-014887>]","4","24","79.2","1"
"EIN1NLVSVR1380","May 1, 2023, 12:00:00 AM","May 31, 2023, 11:59:00 PM","[<debiteurnummer-014887>]","4","24","81.17","1"
"EIN1NLVSVR1381","May 1, 2023, 12:00:00 AM","May 31, 2023, 11:59:00 PM","[<debiteurnummer-014887>]","4","24","87.87","1"
"EIN1NLVSVR13TST","May 1, 2023, 12:00:00 AM","May 31, 2023, 11:58:58 PM","[<debiteurnummer-014887>]","4","24","75.06","1"
"EIN1NLVSVR1601","May 1, 2023, 12:00:00 AM","May 31, 2023, 11:58:59 PM","[<debiteurnummer-014887>]","2","6","36.58","1"
"EIN1NLVSVR1603","May 1, 2023, 12:00:00 AM","May 31, 2023, 11:59:00 PM","[<debiteurnummer-014887>]","2","4","60.26","1"
"EIN1NLVSVR1701","May 1, 2023, 12:00:00 AM","May 31, 2023, 11:59:01 PM","[<debiteurnummer-014887>]","2","16","90.67","1"
"EIN1NLVSVR1702","May 1, 2023, 12:00:00 AM","May 31, 2023, 11:58:59 PM","[<debiteurnummer-014887>]","2","8","83.69","1"
"ein1nlvsvr1703.continuumgbl.com","May 1, 2023, 12:00:00 AM","May 31, 2023, 11:58:59 PM","[<debiteurnummer-014887>]","6","12","44.93","1"
"EIN1NLVSVRTEST01","May 1, 2023, 12:00:00 AM","May 31, 2023, 11:58:57 PM","[<debiteurnummer-014887>]","-","4","96","0"
"EIN1NLVSVRTEST02","May 1, 2023, 12:00:00 AM","May 31, 2023, 11:58:57 PM","[<debiteurnummer-014887>]","-","4","96","0"
"EMS02","May 1, 2023, 12:00:00 AM","May 31, 2023, 11:59:00 PM","[<debiteurnummer-011189>]","8","32","495.35","1"
"evsbc01","May 1, 2023, 12:00:00 AM","May 31, 2023, 11:58:58 PM","[<debiteurnummer-017523>]","4","24","194.62","1"
"evsbc02","May 1, 2023, 12:00:00 AM","May 31, 2023, 11:58:58 PM","[<debiteurnummer-017523>]","4","24","195.7","1"
"evsbc03","May 1, 2023, 12:00:00 AM","May 31, 2023, 11:58:58 PM","[<debiteurnummer-017523>]","4","24","197.53","1"
"evsbc04","May 1, 2023, 12:00:00 AM","May 31, 2023, 11:58:59 PM","[<debiteurnummer-017523>]","4","24","194.49","1"
"evsbc05","May 1, 2023, 12:00:00 AM","May 31, 2023, 11:58:59 PM","[<debiteurnummer-017523>]","4","24","197.04","1"
"evsbc07","May 1, 2023, 12:00:00 AM","May 31, 2023, 11:58:59 PM","[<debiteurnummer-017523>]","4","24","193.93","1"
"evsbc08","May 1, 2023, 12:00:00 AM","May 31, 2023, 11:58:59 PM","[<debiteurnummer-017523>]","4","24","196.88","1"
"evsbc09","May 1, 2023, 12:00:00 AM","May 31, 2023, 11:58:59 PM","[<debiteurnummer-017523>]","4","24","192.6","1"
"evsbc10","May 1, 2023, 12:00:00 AM","May 31, 2023, 11:58:59 PM","[<debiteurnummer-017523>]","4","24","193.05","1"
"evsbc12","May 1, 2023, 12:00:00 AM","May 31, 2023, 11:58:59 PM","[<debiteurnummer-017523>]","4","24","193","1"
"evsbc13","May 1, 2023, 12:00:00 AM","May 31, 2023, 11:58:59 PM","[<debiteurnummer-017523>]","4","24","194.87","1"
"evsbc14","May 1, 2023, 12:00:00 AM","May 31, 2023, 11:59:00 PM","[<debiteurnummer-017523>]","4","24","194.97","1"
"evsbc15","May 1, 2023, 12:00:00 AM","May 31, 2023, 11:59:01 PM","[<debiteurnummer-017523>]","4","24","194.12","1"
"evsbc16","May 1, 2023, 12:00:00 AM","May 31, 2023, 11:58:59 PM","[<debiteurnummer-017523>]","4","24","192.01","1"
"evsbc18","May 1, 2023, 12:00:00 AM","May 31, 2023, 11:58:59 PM","[<debiteurnummer-017523>]","4","24","193.44","1"
"evsbc19","May 1, 2023, 12:00:00 AM","May 31, 2023, 11:58:59 PM","[<debiteurnummer-017523>]","4","24","198.98","1"
"evsbc1anon","May 1, 2023, 12:00:00 AM","May 31, 2023, 11:59:00 PM","[<debiteurnummer-017523>]","4","24","175.79","1"
"Evsrv01","May 1, 2023, 12:00:00 AM","May 31, 2023, 11:58:58 PM","[<debiteurnummer-017523>]","4","16","246.23","1"
"Evsrv02","May 1, 2023, 12:00:00 AM","May 31, 2023, 11:59:00 PM","[<debiteurnummer-017523>]","4","16","866.23","1"
"Evsrv03","May 1, 2023, 12:00:00 AM","May 31, 2023, 11:58:59 PM","[<debiteurnummer-017523>]","1","4","84.11","1"
"Evsrv04","May 1, 2023, 12:00:00 AM","May 31, 2023, 11:59:00 PM","[<debiteurnummer-017523>]","4","8","228.21","1"
"Evsrv05","May 1, 2023, 12:00:00 AM","May 31, 2023, 11:59:01 PM","[<debiteurnummer-017523>]","8","16","236.25","1"
"Evsrv07","May 1, 2023, 12:00:00 AM","May 31, 2023, 11:58:59 PM","[<debiteurnummer-017523>]","1","4","84.11","1"
"Evsrv08","May 1, 2023, 12:00:00 AM","May 31, 2023, 11:58:59 PM","[<debiteurnummer-017523>]","8","16","176.1","1"
"Evsrv10","May 1, 2023, 12:00:00 AM","May 31, 2023, 11:59:00 PM","[<debiteurnummer-017523>]","2","8","88.15","1"
"Evsrv11","May 1, 2023, 12:00:00 AM","May 31, 2023, 11:59:01 PM","[<debiteurnummer-017523>]","2","8","88.09","1"
"Evsrv15","May 1, 2023, 12:00:00 AM","May 31, 2023, 11:59:01 PM","[<debiteurnummer-017523>]","1","16","266.22","1"
"Evsrv16","May 1, 2023, 12:00:00 AM","May 31, 2023, 11:58:59 PM","[<debiteurnummer-017523>]","2","16","176.21","1"
"Evsrv20-1","May 1, 2023, 12:00:00 AM","May 31, 2023, 11:58:59 PM","[<debiteurnummer-017523>]","1","4","94.08","1"
"Evsrv22-1","May 1, 2023, 12:00:00 AM","May 31, 2023, 11:59:00 PM","[<debiteurnummer-017523>]","1","4","94.1","1"
"Evsrv23","May 1, 2023, 12:00:00 AM","May 31, 2023, 11:58:59 PM","[<debiteurnummer-017523>]","1","4","84.1","1"
"Evsrv25","May 1, 2023, 12:00:00 AM","May 31, 2023, 11:58:59 PM","[<debiteurnummer-017523>]","4","8","138.22","1"
"Evsrv26","May 1, 2023, 12:00:00 AM","May 31, 2023, 11:59:00 PM","[<debiteurnummer-017523>]","4","8","138.22","1"
"Evsrv28","May 1, 2023, 12:00:00 AM","May 31, 2023, 11:58:58 PM","[<debiteurnummer-017523>]","2","4","99.09","1"
"Evsrv29","May 1, 2023, 12:00:00 AM","May 31, 2023, 11:58:58 PM","[<debiteurnummer-017523>]","2","8","88.18","1"
"Evsrv32","May 1, 2023, 12:00:00 AM","May 31, 2023, 11:59:00 PM","[<debiteurnummer-017523>]","2","8","5,036.15","1"
"Evsrv33","May 1, 2023, 12:00:00 AM","May 31, 2023, 11:59:00 PM","[<debiteurnummer-017523>]","4","16","666.16","1"
"Evsrv34","May 1, 2023, 12:00:00 AM","May 31, 2023, 11:58:59 PM","[<debiteurnummer-017523>]","2","4","84.11","1"
"Evsrv40A","May 1, 2023, 12:00:00 AM","May 31, 2023, 11:58:59 PM","[<debiteurnummer-017523>]","2","16","516.22","1"
"Evsrv42","May 1, 2023, 12:00:00 AM","May 31, 2023, 11:58:58 PM","[<debiteurnummer-017523>]","1","4","84.11","1"
"Evsrv56","May 1, 2023, 12:00:00 AM","May 31, 2023, 11:59:00 PM","[<debiteurnummer-017523>]","2","8","158.21","1"
"Evsrv60","May 1, 2023, 12:00:00 AM","May 31, 2023, 11:59:01 PM","[<debiteurnummer-017523>]","2","8","368.21","1"
"Evsrv62","May 1, 2023, 12:00:00 AM","May 31, 2023, 11:59:00 PM","[<debiteurnummer-017523>]","2","7.91","228.12","1"
"Evsrv70","May 1, 2023, 12:00:00 AM","May 31, 2023, 11:59:00 PM","[<debiteurnummer-017523>]","4","16","136.21","1"
"Evsrv82","May 1, 2023, 12:00:00 AM","May 31, 2023, 11:59:00 PM","[<debiteurnummer-017523>]","1","4","84.14","1"
"exlb11.nedis.net","May 1, 2023, 12:00:00 AM","May 31, 2023, 11:58:59 PM","[<debiteurnummer-011771>]","1","2","5.64","1"
"exlb12.nedis.net","May 1, 2023, 12:00:00 AM","May 31, 2023, 11:58:59 PM","[<debiteurnummer-011771>]","1","2","5.27","1"
"FileCap","May 1, 2023, 12:00:00 AM","May 31, 2023, 11:58:58 PM","[<debiteurnummer-013469>]","2","3","13.01","1"
"FLS001.summa.local","May 1, 2023, 12:00:00 AM","May 31, 2023, 11:58:59 PM","[<debiteurnummer-013469>]","2","8","4,962.23","1"
"fls01.nedis.net","May 1, 2023, 12:00:00 AM","May 31, 2023, 11:58:59 PM","[<debiteurnummer-011771>]","2","8","2,506.1","1"
"fls02.nedis.net","May 1, 2023, 12:00:00 AM","May 31, 2023, 11:58:58 PM","[<debiteurnummer-011771>]","2","12","5,607.46","1"
"ftp01.nedis.net","May 1, 2023, 12:00:00 AM","May 31, 2023, 11:58:58 PM","[<debiteurnummer-011771>]","2","4","32.62","1"
"fwl001-01.eb.local","May 1, 2023, 12:00:00 AM","May 31, 2023, 11:58:59 PM","[<debiteurnummer-017523>]","2","4","6.48","1"
"fwl001-02.eb.local","May 1, 2023, 12:00:00 AM","May 31, 2023, 11:59:00 PM","[<debiteurnummer-017523>]","2","4","6.82","1"
"fwl001.st-neos.local","May 1, 2023, 12:00:00 AM","May 31, 2023, 11:58:58 PM","[<debiteurnummer-011189>]","4","6","87.88","1"
"fwl001.summa.local","May 1, 2023, 12:00:00 AM","May 31, 2023, 11:59:01 PM","[<debiteurnummer-013469>]","4","6","102.09","1"
"fwl002.st-neos.local","May 1, 2023, 12:00:00 AM","May 31, 2023, 11:58:59 PM","[<debiteurnummer-011189>]","4","6","102.09","1"
"fwl002.summa.local","May 1, 2023, 12:00:00 AM","May 31, 2023, 11:58:57 PM","[<debiteurnummer-013469>]","-","6","96.01","0"
"fwl01-mgt-ehv","May 1, 2023, 12:00:00 AM","May 31, 2023, 11:59:01 PM","[<debiteurnummer-000002>]","2","4","169.79","1"
"fwl01-opella","May 1, 2023, 12:00:00 AM","May 31, 2023, 11:58:59 PM","[<debiteurnummer-013096>]","16","24","196.12","1"
"fwl02-opella","May 1, 2023, 12:00:00 AM","May 31, 2023, 11:58:58 PM","[<debiteurnummer-013096>]","16","24","196.06","1"
"harapp001","May 1, 2023, 12:00:00 AM","May 31, 2023, 11:58:59 PM","[<debiteurnummer-011151>]","2","8","203.32","1"
"hardcs001","May 1, 2023, 12:00:00 AM","May 31, 2023, 11:58:58 PM","[<debiteurnummer-011151>]","2","6","742.09","1"
"hardcs002","May 1, 2023, 12:00:00 AM","May 31, 2023, 11:59:00 PM","[<debiteurnummer-011151>]","2","6","54.06","1"
"harehs001","May 1, 2023, 12:00:00 AM","May 31, 2023, 11:58:59 PM","[<debiteurnummer-011151>]","2","12","219.79","1"
"harrds001","May 1, 2023, 12:00:00 AM","May 31, 2023, 11:58:58 PM","[<debiteurnummer-011151>]","4","24","222.42","1"
"harrds002","May 1, 2023, 12:00:00 AM","May 31, 2023, 11:58:59 PM","[<debiteurnummer-011151>]","4","24","82.26","1"
"harrds003","May 1, 2023, 12:00:00 AM","May 31, 2023, 11:59:01 PM","[<debiteurnummer-011151>]","4","24","219.16","1"
"harsccm002","May 1, 2023, 12:00:00 AM","May 31, 2023, 11:59:01 PM","[<debiteurnummer-011151>]","2","8","193.33","1"
"hftapp001","May 1, 2023, 12:00:00 AM","May 31, 2023, 11:58:59 PM","[<debiteurnummer-011161>]","4","8","57.74","1"
"hftdcs001","May 1, 2023, 12:00:00 AM","May 31, 2023, 11:58:59 PM","[<debiteurnummer-011161>]","2","4","45.77","1"
"hftdcs002","May 1, 2023, 12:00:00 AM","May 31, 2023, 11:59:00 PM","[<debiteurnummer-011161>]","2","4","51.96","1"
"hftrds001","May 1, 2023, 12:00:00 AM","May 31, 2023, 11:58:59 PM","[<debiteurnummer-011161>]","2","16","82.97","1"
"HORAPP001","May 1, 2023, 12:00:00 AM","May 31, 2023, 11:58:59 PM","[<debiteurnummer-013185>]","4","4","65.2","1"
"HORAPP002","May 1, 2023, 12:00:00 AM","May 31, 2023, 11:59:01 PM","[<debiteurnummer-013185>]","2","4","69.75","1"
"HORAPP003","May 1, 2023, 12:00:00 AM","May 31, 2023, 11:59:00 PM","[<debiteurnummer-013185>]","2","4","103.88","1"
"HORDBS001","May 1, 2023, 12:00:00 AM","May 31, 2023, 11:58:59 PM","[<debiteurnummer-013185>]","16","24","860.44","1"
"HORFLS001","May 1, 2023, 12:00:00 AM","May 31, 2023, 11:59:01 PM","[<debiteurnummer-013185>]","2","2","3,044.25","1"
"HORTST001","May 1, 2023, 12:00:00 AM","May 31, 2023, 11:59:00 PM","[<debiteurnummer-013185>]","2","8","99.91","1"
"HORTST002","May 1, 2023, 12:00:00 AM","May 31, 2023, 11:59:00 PM","[<debiteurnummer-013185>]","16","24","369.78","1"
"hscdcs001","May 1, 2023, 12:00:00 AM","May 31, 2023, 11:58:59 PM","[<debiteurnummer-011154>]","2","6","764.64","1"
"hscdcs002","May 1, 2023, 12:00:00 AM","May 31, 2023, 11:58:58 PM","[<debiteurnummer-011154>]","2","6","76.77","1"
"hscehs001","May 1, 2023, 12:00:00 AM","May 31, 2023, 11:59:00 PM","[<debiteurnummer-011154>]","2","12","125.55","1"
"hscrds001","May 1, 2023, 12:00:00 AM","May 31, 2023, 11:58:59 PM","[<debiteurnummer-011154>]","2","8","228.54","1"
"hscrds002","May 1, 2023, 12:00:00 AM","May 31, 2023, 11:58:58 PM","[<debiteurnummer-011154>]","2","18","72.48","1"
"hscsccm002","May 1, 2023, 12:00:00 AM","May 31, 2023, 11:58:59 PM","[<debiteurnummer-011154>]","2","8","193.64","1"
"IFVAPP001","May 1, 2023, 12:00:00 AM","May 31, 2023, 11:59:01 PM","[<debiteurnummer-013198>]","2","4","53.48","1"
"IFVAPP002","May 1, 2023, 12:00:00 AM","May 31, 2023, 11:59:00 PM","[<debiteurnummer-013198>]","2","4","64.86","1"
"IFVAPP003","May 1, 2023, 12:00:00 AM","May 31, 2023, 11:58:59 PM","[<debiteurnummer-013198>]","2","4","58.75","1"
"IFVAPP004","May 1, 2023, 12:00:00 AM","May 31, 2023, 11:58:58 PM","[<debiteurnummer-013198>]","2","4","73.38","1"
"IFVDBS001","May 1, 2023, 12:00:00 AM","May 31, 2023, 11:58:58 PM","[<debiteurnummer-013198>]","6","24","6,136.36","1"
"IFVTST002","May 1, 2023, 12:00:00 AM","May 31, 2023, 11:59:00 PM","[<debiteurnummer-013198>]","2","4","475.49","1"
"ifvvpn001.natschool.nl","May 1, 2023, 12:00:00 AM","May 31, 2023, 11:58:58 PM","[<debiteurnummer-013198>]","1","1","4.01","1"
"inlb01.nedis.net","May 1, 2023, 12:00:00 AM","May 31, 2023, 11:58:59 PM","[<debiteurnummer-011771>]","1","1","9.3","1"
"inlb02.nedis.net","May 1, 2023, 12:00:00 AM","May 31, 2023, 11:59:01 PM","[<debiteurnummer-011771>]","1","1","8.71","1"
"IPOFFICE11","May 1, 2023, 12:00:00 AM","May 31, 2023, 11:58:58 PM","[<debiteurnummer-017523>]","4","7.81","103.99","1"
"KW1APP001","May 1, 2023, 12:00:00 AM","May 31, 2023, 11:59:00 PM","[<debiteurnummer-013337>]","2","8","66.72","1"
"KW1APP002","May 1, 2023, 12:00:00 AM","May 31, 2023, 11:58:59 PM","[<debiteurnummer-013337>]","2","8","58.04","1"
"KW1DBS001","May 1, 2023, 12:00:00 AM","May 31, 2023, 11:58:58 PM","[<debiteurnummer-013337>]","8","16","236.08","1"
"KW1FLS001","May 1, 2023, 12:00:00 AM","May 31, 2023, 11:59:00 PM","[<debiteurnummer-013337>]","2","2","7,561.02","1"
"KW1TST001","May 1, 2023, 12:00:00 AM","May 31, 2023, 11:58:58 PM","[<debiteurnummer-013337>]","2","4","377.29","1"
"lb11.test.nedis.net","May 1, 2023, 12:00:00 AM","May 31, 2023, 11:59:00 PM","[<debiteurnummer-011771>]","1","2","5.22","1"
"mem01.nedis.net","May 1, 2023, 12:00:00 AM","May 31, 2023, 11:59:01 PM","[<debiteurnummer-011771>]","1","2","9.17","1"
"mem02.nedis.net","May 1, 2023, 12:00:00 AM","May 31, 2023, 11:58:58 PM","[<debiteurnummer-011771>]","1","2","9.08","1"
"mgt01-corp","May 1, 2023, 12:00:00 AM","May 31, 2023, 11:59:01 PM","[<debiteurnummer-000002>]","2","12","322.7","1"
"MGT02","May 1, 2023, 12:00:00 AM","May 31, 2023, 11:58:59 PM","[<debiteurnummer-011189>]","2","6","153.37","1"
"mgt02.nedis.net","May 1, 2023, 12:00:00 AM","May 31, 2023, 11:59:00 PM","[<debiteurnummer-011771>]","2","8","88.76","1"
"MGT03","May 1, 2023, 12:00:00 AM","May 31, 2023, 11:58:59 PM","[<debiteurnummer-013469>]","2","8","127.61","1"
"mgt03.nedis.net","May 1, 2023, 12:00:00 AM","May 31, 2023, 11:59:01 PM","[<debiteurnummer-011771>]","2","4","41.16","1"
"MGT04","May 1, 2023, 12:00:00 AM","May 31, 2023, 11:58:59 PM","[<debiteurnummer-011189>]","2","6","45.93","1"
"mgt04.vlc.local","May 1, 2023, 12:00:00 AM","May 31, 2023, 11:58:58 PM","[<debiteurnummer-011196>]","2","6","45.54","1"
"mis01.nedis.net","May 1, 2023, 12:00:00 AM","May 31, 2023, 11:59:00 PM","[<debiteurnummer-011771>]","2","4","70.44","1"
"mob11.nedis.net","May 1, 2023, 12:00:00 AM","May 31, 2023, 11:58:59 PM","[<debiteurnummer-011771>]","2","4","14.96","1"
"mob11.test.nedis.net","May 1, 2023, 12:00:00 AM","May 31, 2023, 11:58:58 PM","[<debiteurnummer-011771>]","2","4","17.99","1"
"mob12.nedis.net","May 1, 2023, 12:00:00 AM","May 31, 2023, 11:58:58 PM","[<debiteurnummer-011771>]","2","4","14.42","1"
"mon11.nedis.net","May 1, 2023, 12:00:00 AM","May 31, 2023, 11:58:59 PM","[<debiteurnummer-011771>]","4","8","26.9","1"
"mon12.nedis.net","May 1, 2023, 12:00:00 AM","May 31, 2023, 11:58:59 PM","[<debiteurnummer-011771>]","4","8","26.73","1"
"mon13.nedis.net","May 1, 2023, 12:00:00 AM","May 31, 2023, 11:58:59 PM","[<debiteurnummer-011771>]","4","8","26.73","1"
"MSPAPP001","May 1, 2023, 12:00:00 AM","May 31, 2023, 11:58:57 PM","[<debiteurnummer-013469>]","-","4","93.27","0"
"MSPDCS001","May 1, 2023, 12:00:00 AM","May 31, 2023, 11:58:57 PM","[<debiteurnummer-013469>]","-","4","24.61","0"
"nbaapp001.natschool.nl","May 1, 2023, 12:00:00 AM","May 31, 2023, 11:59:01 PM","[<debiteurnummer-015588>]","2","6","540.73","1"
"nbatapp001","May 1, 2023, 12:00:00 AM","May 31, 2023, 11:59:00 PM","[<debiteurnummer-015588>]","2","12","543.85","1"
"ndes001.summa.local","May 1, 2023, 12:00:00 AM","May 31, 2023, 11:59:00 PM","[<debiteurnummer-013469>]","2","4","36.29","1"
"ndes01.st-neos.local","May 1, 2023, 12:00:00 AM","May 31, 2023, 11:59:00 PM","[<debiteurnummer-011189>]","2","6","44.24","1"
"NIHDCS001","May 1, 2023, 12:00:00 AM","May 31, 2023, 11:58:59 PM","[<debiteurnummer-011172>]","2","6","376.4","1"
"NIHDCS002","May 1, 2023, 12:00:00 AM","May 31, 2023, 11:58:58 PM","[<debiteurnummer-011172>]","2","4","46.57","1"
"NIHEHS001","May 1, 2023, 12:00:00 AM","May 31, 2023, 11:59:01 PM","[<debiteurnummer-011172>]","2","12","98.71","1"
"NIHRDS002","May 1, 2023, 12:00:00 AM","May 31, 2023, 11:59:00 PM","[<debiteurnummer-011172>]","4","16","203.37","1"
"nihrds003","May 1, 2023, 12:00:00 AM","May 31, 2023, 11:58:58 PM","[<debiteurnummer-011172>]","2","16","62.13","1"
"nihsccm002","May 1, 2023, 12:00:00 AM","May 31, 2023, 11:59:01 PM","[<debiteurnummer-011172>]","2","8","198.49","1"
"nldevdbs0001.nedis.net","May 1, 2023, 12:00:00 AM","May 31, 2023, 11:59:01 PM","[<debiteurnummer-011771>]","2","8","566.97","1"
"nldevdsh0001.nedis.net","May 1, 2023, 12:00:00 AM","May 31, 2023, 11:59:00 PM","[<debiteurnummer-011771>]","1","2","5.47","1"
"nldevwas0001.nedis.net","May 1, 2023, 12:00:00 AM","May 31, 2023, 11:58:58 PM","[<debiteurnummer-011771>]","2","2","61.51","1"
"nldevwas0004.nedis.net","May 1, 2023, 12:00:00 AM","May 31, 2023, 11:59:00 PM","[<debiteurnummer-011771>]","4","8","41.92","1"
"nldevweb0001.nedis.net","May 1, 2023, 12:00:00 AM","May 31, 2023, 11:58:58 PM","[<debiteurnummer-011771>]","2","8","74.29","1"
"nlnedanz0001.nedis.net","May 1, 2023, 12:00:00 AM","May 31, 2023, 11:58:57 PM","[<debiteurnummer-011771>]","-","8","48.07","0"
"nlnedapp0007.nedis.net","May 1, 2023, 12:00:00 AM","May 31, 2023, 11:59:01 PM","[<debiteurnummer-011771>]","1","4","79.89","1"
"nlnedapp0009.nedis.net","May 1, 2023, 12:00:00 AM","May 31, 2023, 11:58:57 PM","[<debiteurnummer-011771>]","-","4","59.47","0"
"nlnedapp0011.nedis.net","May 1, 2023, 12:00:00 AM","May 31, 2023, 11:59:00 PM","[<debiteurnummer-011771>]","2","4","55.92","1"
"nlnedapp0012.nedis.net","May 1, 2023, 12:00:00 AM","May 31, 2023, 11:58:58 PM","[<debiteurnummer-011771>]","2","8","78.66","1"
"nlneddbs0014.nedis.net","May 1, 2023, 12:00:00 AM","May 31, 2023, 11:59:01 PM","[<debiteurnummer-011771>]","4","40","884.05","1"
"nlneddbs0015.nedis.net","May 1, 2023, 12:00:00 AM","May 31, 2023, 11:59:00 PM","[<debiteurnummer-011771>]","4","16","804.73","1"
"nlneddsh0001.nedis.net","May 1, 2023, 12:00:00 AM","May 31, 2023, 11:59:01 PM","[<debiteurnummer-011771>]","1","2","10.08","1"
"nlnedftp0001.nedis.net","May 1, 2023, 12:00:00 AM","May 31, 2023, 11:59:00 PM","[<debiteurnummer-011771>]","2","8","96.96","1"
"nlnedgit0001.nedis.net","May 1, 2023, 12:00:00 AM","May 31, 2023, 11:58:58 PM","[<debiteurnummer-011771>]","1","4","40.74","1"
"nlnedmgt0001.nedis.net","May 1, 2023, 12:00:00 AM","May 31, 2023, 11:59:01 PM","[<debiteurnummer-011771>]","2","8","99.96","1"
"nlnednod0001.nedis.net","May 1, 2023, 12:00:00 AM","May 31, 2023, 11:59:01 PM","[<debiteurnummer-011771>]","2","8","50.57","1"
"nlnedrdgw0002.nedis.net","May 1, 2023, 12:00:00 AM","May 31, 2023, 11:59:00 PM","[<debiteurnummer-011771>]","2","4","62.44","1"
"nlnedsftp0001.nedis.net","May 1, 2023, 12:00:00 AM","May 31, 2023, 11:59:00 PM","[<debiteurnummer-011771>]","1","1","10.35","1"
"nlnedsql0002-restore.nedis.net","May 1, 2023, 12:00:00 AM","May 31, 2023, 11:58:57 PM","[<debiteurnummer-011771>]","-","8","120.12","0"
"nlnedsql0003.nedis.net","May 1, 2023, 12:00:00 AM","May 31, 2023, 11:58:57 PM","[<debiteurnummer-011771>]","-","8","135.24","0"
"nlnedtst0001.nedis.net","May 1, 2023, 12:00:00 AM","May 31, 2023, 11:59:01 PM","[<debiteurnummer-011771>]","4","2","52.8","1"
"nlnedwas0001.nedis.net","May 1, 2023, 12:00:00 AM","May 31, 2023, 11:59:00 PM","[<debiteurnummer-011771>]","2","2","7.67","1"
"nlnedwas0002.nedis.net","May 1, 2023, 12:00:00 AM","May 31, 2023, 11:58:58 PM","[<debiteurnummer-011771>]","4","8","27.86","1"
"nlnedwas0003.nedis.net","May 1, 2023, 12:00:00 AM","May 31, 2023, 11:58:58 PM","[<debiteurnummer-011771>]","4","8","27.94","1"
"nlnedwas0004.nedis.net","May 1, 2023, 12:00:00 AM","May 31, 2023, 11:59:00 PM","[<debiteurnummer-011771>]","4","8","20.18","1"
"nlnedwsv0001.nedis.net","May 1, 2023, 12:00:00 AM","May 31, 2023, 11:59:01 PM","[<debiteurnummer-011771>]","2","2","10.94","1"
"nltstdbs0001.nedis.net","May 1, 2023, 12:00:00 AM","May 31, 2023, 11:58:58 PM","[<debiteurnummer-011771>]","2","8","1,510.3","1"
"nltstfin0001.nedis.net","May 1, 2023, 12:00:00 AM","May 31, 2023, 11:58:59 PM","[<debiteurnummer-011771>]","2","8","75.14","1"
"nltstwas0001.nedis.net","May 1, 2023, 12:00:00 AM","May 31, 2023, 11:59:01 PM","[<debiteurnummer-011771>]","2","2","25.7","1"
"nltstweb0001.nedis.net","May 1, 2023, 12:00:00 AM","May 31, 2023, 11:59:01 PM","[<debiteurnummer-011771>]","2","2","57.71","1"
"nsx01-cus-ehv","May 1, 2023, 12:00:00 AM","May 31, 2023, 11:58:58 PM","[<debiteurnummer-000002>]","6","24","429.25","1"
"nsx02-cus-ehv","May 1, 2023, 12:00:00 AM","May 31, 2023, 11:59:01 PM","[<debiteurnummer-000002>]","6","24","446.96","1"
"nsx03-cus-ehv","May 1, 2023, 12:00:00 AM","May 31, 2023, 11:58:58 PM","[<debiteurnummer-000002>]","6","24","441.63","1"
"openmg-ent","May 1, 2023, 12:00:00 AM","May 31, 2023, 11:58:58 PM","[<debiteurnummer-000002>]","4","16","92.63","1"
"osd11.nedis.net","May 1, 2023, 12:00:00 AM","May 31, 2023, 11:59:00 PM","[<debiteurnummer-011771>]","2","6","514.73","1"
"osd12.nedis.net","May 1, 2023, 12:00:00 AM","May 31, 2023, 11:59:00 PM","[<debiteurnummer-011771>]","2","6","514.85","1"
"osd13.nedis.net","May 1, 2023, 12:00:00 AM","May 31, 2023, 11:59:00 PM","[<debiteurnummer-011771>]","2","6","514.88","1"
"osd14.nedis.net","May 1, 2023, 12:00:00 AM","May 31, 2023, 11:58:59 PM","[<debiteurnummer-011771>]","2","6","514.89","1"
"ovpn-test","May 1, 2023, 12:00:00 AM","May 31, 2023, 11:58:59 PM","[<debiteurnummer-000002>]","1","0.49","5.05","1"
"ovpn001-infra-netwerk-management.nldc.acknowledge.services","May 1, 2023, 12:00:00 AM","May 31, 2023, 11:59:01 PM","[<debiteurnummer-000002>]","1","2","5.64","1"
"ovpn01.eb.local","May 1, 2023, 12:00:00 AM","May 31, 2023, 11:59:01 PM","[<debiteurnummer-017523>]","1","0.5","10.58","1"
"OVPN01.st-neos.local","May 1, 2023, 12:00:00 AM","May 31, 2023, 11:58:59 PM","[<debiteurnummer-011189>]","1","2","16.49","1"
"ovpn02.nedis.net","May 1, 2023, 12:00:00 AM","May 31, 2023, 11:59:00 PM","[<debiteurnummer-011771>]","1","0.5","9.67","1"
"OVPNDC01","May 1, 2023, 12:00:00 AM","May 31, 2023, 11:59:00 PM","[<debiteurnummer-000002>]","1","2","11.25","1"
"pbx001.vlc.local","May 1, 2023, 12:00:00 AM","May 31, 2023, 11:58:59 PM","[<debiteurnummer-011196>]","4","7.81","104.01","1"
"pbx002.vlc.local","May 1, 2023, 12:00:00 AM","May 31, 2023, 11:58:59 PM","[<debiteurnummer-011196>]","4","7.81","104.03","1"
"PC10-Richard","May 1, 2023, 12:00:00 AM","May 31, 2023, 11:59:00 PM","[<debiteurnummer-013469>]","2","6","64.5","1"
"poc-beheervpn-ack-client-1","May 1, 2023, 12:00:00 AM","May 31, 2023, 11:59:01 PM","[<debiteurnummer-000002>]","-","2","5.26","0"
"poc-beheervpn-ack-switch-1","May 1, 2023, 12:00:00 AM","May 31, 2023, 11:59:01 PM","[<debiteurnummer-000002>]","-","2","5.21","0"
"poc-beheervpn-ack-vpn-1","May 1, 2023, 12:00:00 AM","May 31, 2023, 11:59:01 PM","[<debiteurnummer-000002>]","-","2","5.26","0"
"poc-beheervpn-ack-vpn-2","May 1, 2023, 12:00:00 AM","May 31, 2023, 11:59:01 PM","[<debiteurnummer-000002>]","-","2","5.23","0"
"poc-beheervpn-cust-srv1","May 1, 2023, 12:00:00 AM","May 31, 2023, 11:59:01 PM","[<debiteurnummer-000002>]","-","2","5.23","0"
"poc-beheervpn-cust-vpn-1","May 1, 2023, 12:00:00 AM","May 31, 2023, 11:59:01 PM","[<debiteurnummer-000002>]","-","2","5.33","0"
"poc-beheervpn-template","May 1, 2023, 12:00:00 AM","May 31, 2023, 11:59:01 PM","[<debiteurnummer-000002>]","-","2","5.28","0"
"PRS01","May 1, 2023, 12:00:00 AM","May 31, 2023, 11:59:00 PM","[<debiteurnummer-011189>]","2","4","78.37","1"
"prs01.nedis.net","May 1, 2023, 12:00:00 AM","May 31, 2023, 11:58:59 PM","[<debiteurnummer-011771>]","2","8","36.97","1"
"PRT02","May 1, 2023, 12:00:00 AM","May 31, 2023, 11:58:59 PM","[<debiteurnummer-013469>]","2","8","43.6","1"
"rds01.nedis.net","May 1, 2023, 12:00:00 AM","May 31, 2023, 11:58:58 PM","[<debiteurnummer-011771>]","4","16","91.75","1"
"regapp001.natschool.nl","May 1, 2023, 12:00:00 AM","May 31, 2023, 11:59:01 PM","[<debiteurnummer-015731>]","2","4","346.92","1"
"regdbs001.natschool.nl","May 1, 2023, 12:00:00 AM","May 31, 2023, 11:59:00 PM","[<debiteurnummer-015731>]","2","8","85.48","1"
"rep01.nedis.net","May 1, 2023, 12:00:00 AM","May 31, 2023, 11:58:59 PM","[<debiteurnummer-011771>]","2","2","78.17","1"
"rep02.nedis.net","May 1, 2023, 12:00:00 AM","May 31, 2023, 11:58:59 PM","[<debiteurnummer-011771>]","1","2","190.6","1"
"rivapp001.natschool.nl","May 1, 2023, 12:00:00 AM","May 31, 2023, 11:58:58 PM","[<debiteurnummer-015833>]","2","6","735.48","1"
"rtr01.corp.acknowledge.cloud","May 1, 2023, 12:00:00 AM","May 31, 2023, 11:58:58 PM","[<debiteurnummer-000002>]","2","2","10.08","1"
"saris-pbx-001.saris.net","May 1, 2023, 12:00:00 AM","May 31, 2023, 11:58:58 PM","[<debiteurnummer-011180>]","4","7.81","104","1"
"saris-wlc-001.saris.net","May 1, 2023, 12:00:00 AM","May 31, 2023, 11:59:01 PM","[<debiteurnummer-011180>]","1","2","10.08","1"
"sbc-sip02.nedis.net","May 1, 2023, 12:00:00 AM","May 31, 2023, 11:58:59 PM","[<debiteurnummer-011771>]","2","4","2.71","1"
"SBC091","May 1, 2023, 12:00:00 AM","May 31, 2023, 11:58:59 PM","[<debiteurnummer-013469>]","2","8","68.22","1"
"SBC1901","May 1, 2023, 12:00:00 AM","May 31, 2023, 11:58:58 PM","none","4","28","86.72","1"
"SBC19MASTER","May 1, 2023, 12:00:00 AM","May 31, 2023, 11:59:01 PM","[<debiteurnummer-011196>]","4","8","53.94","1"
"SBC19TEST","May 1, 2023, 12:00:00 AM","May 31, 2023, 11:58:59 PM","none","4","28","89.21","1"
"sbcmaster","May 1, 2023, 12:00:00 AM","May 31, 2023, 11:58:57 PM","[<debiteurnummer-017523>]","-","24","167.14","0"
"sbcmaster-anon","May 1, 2023, 12:00:00 AM","May 31, 2023, 11:58:57 PM","[<debiteurnummer-017523>]","-","24","167.93","0"
"sbcmaster.bevolkingsonderzoekoost.local","May 1, 2023, 12:00:00 AM","May 31, 2023, 11:58:57 PM","[<debiteurnummer-014146>]","4","8","50.13","0"
"SCAN01","May 1, 2023, 12:00:00 AM","May 31, 2023, 11:58:59 PM","[<debiteurnummer-011189>]","2","8","108.97","1"
"SCDAPP001","May 1, 2023, 12:00:00 AM","May 31, 2023, 11:58:58 PM","[<debiteurnummer-013055>]","2","4","73.95","1"
"SCDAPP002","May 1, 2023, 12:00:00 AM","May 31, 2023, 11:58:59 PM","[<debiteurnummer-013055>]","2","4","73.97","1"
"SCDDBS001","May 1, 2023, 12:00:00 AM","May 31, 2023, 11:58:58 PM","[<debiteurnummer-013055>]","4","8","292.97","1"
"SCDFLS001","May 1, 2023, 12:00:00 AM","May 31, 2023, 11:59:01 PM","[<debiteurnummer-013055>]","2","2","4,227.52","1"
"SCDTST001","May 1, 2023, 12:00:00 AM","May 31, 2023, 11:58:58 PM","[<debiteurnummer-013055>]","2","4","1,133.77","1"
"scep01.nedis.net","May 1, 2023, 12:00:00 AM","May 31, 2023, 11:59:00 PM","[<debiteurnummer-011771>]","1","4","32.35","1"
"sch01.nedis.net","May 1, 2023, 12:00:00 AM","May 31, 2023, 11:59:00 PM","[<debiteurnummer-011771>]","1","2","9.7","1"
"sclapp001.natschool.nl","May 1, 2023, 12:00:00 AM","May 31, 2023, 11:59:01 PM","[<debiteurnummer-015834>]","1","4","2,165.03","1"
"scldbs001.natschool.nl","May 1, 2023, 12:00:00 AM","May 31, 2023, 11:59:00 PM","[<debiteurnummer-015834>]","2","4","79.46","1"
"SFTP01","May 1, 2023, 12:00:00 AM","May 31, 2023, 11:59:00 PM","[<debiteurnummer-011189>]","1","2","11.59","1"
"SKOUT-Collector-AckKA","May 1, 2023, 12:00:00 AM","May 31, 2023, 11:59:01 PM","[<debiteurnummer-011012>]","4","16","336.63","1"
"skyline01","May 1, 2023, 12:00:00 AM","May 31, 2023, 11:59:01 PM","[<debiteurnummer-000002>]","2","8","97.71","1"
"SPOAPP002","May 1, 2023, 12:00:00 AM","May 31, 2023, 11:59:00 PM","[<debiteurnummer-017448>]","2","34","3,089.55","1"
"srvdcs001","May 1, 2023, 12:00:00 AM","May 31, 2023, 11:58:59 PM","[<debiteurnummer-011183>]","2","6","564.13","1"
"srvdcs002","May 1, 2023, 12:00:00 AM","May 31, 2023, 11:59:01 PM","[<debiteurnummer-011183>]","2","6","47.79","1"
"srvrds001","May 1, 2023, 12:00:00 AM","May 31, 2023, 11:59:00 PM","[<debiteurnummer-011183>]","2","8","62.14","1"
"srvrds002","May 1, 2023, 12:00:00 AM","May 31, 2023, 11:59:01 PM","[<debiteurnummer-011183>]","2","16","68.29","1"
"srvsccm002","May 1, 2023, 12:00:00 AM","May 31, 2023, 11:59:00 PM","[<debiteurnummer-011183>]","2","8","163.64","1"
"SSO01","May 1, 2023, 12:00:00 AM","May 31, 2023, 11:59:00 PM","[<debiteurnummer-011189>]","2","8","59.7","1"
"SSOEADFS01","May 1, 2023, 12:00:00 AM","May 31, 2023, 11:59:01 PM","[<debiteurnummer-911094>]","1","4","35.09","1"
"SSOEDCS01","May 1, 2023, 12:00:00 AM","May 31, 2023, 11:59:00 PM","[<debiteurnummer-911094>]","1","4","37.03","1"
"SSOEDCS02","May 1, 2023, 12:00:00 AM","May 31, 2023, 11:58:58 PM","[<debiteurnummer-911094>]","2","4","32.43","1"
"SSOEFLS01","May 1, 2023, 12:00:00 AM","May 31, 2023, 11:59:00 PM","[<debiteurnummer-911094>]","2","6","1,782.46","1"
"SSOEMGT01","May 1, 2023, 12:00:00 AM","May 31, 2023, 11:59:01 PM","[<debiteurnummer-911094>]","2","8","99.32","1"
"SSOEOVPN01","May 1, 2023, 12:00:00 AM","May 31, 2023, 11:58:59 PM","[<debiteurnummer-911094>]","1","1","13.8","1"
"SSOEPRS01","May 1, 2023, 12:00:00 AM","May 31, 2023, 11:59:00 PM","[<debiteurnummer-911094>]","4","8","66.99","1"
"SSOEWAP01","May 1, 2023, 12:00:00 AM","May 31, 2023, 11:58:58 PM","[<debiteurnummer-911094>]","1","4","29.09","1"
"SSOEZEN01","May 1, 2023, 12:00:00 AM","May 31, 2023, 11:59:01 PM","[<debiteurnummer-911094>]","2","20","318.92","1"
"summa-virtual-lab","May 1, 2023, 12:00:00 AM","May 31, 2023, 11:58:57 PM","[<debiteurnummer-013469>]","-","1","0.0016","0"
"summavovpn.summa.local","May 1, 2023, 12:00:00 AM","May 31, 2023, 11:59:01 PM","[<debiteurnummer-013469>]","1","1","15.51","1"
"sup01.nedis.net","May 1, 2023, 12:00:00 AM","May 31, 2023, 11:58:59 PM","[<debiteurnummer-011771>]","4","16","32.27","1"
"svn01.nedis.net","May 1, 2023, 12:00:00 AM","May 31, 2023, 11:59:01 PM","[<debiteurnummer-011771>]","1","2","12.37","1"
"SVTDC003","May 1, 2023, 12:00:00 AM","May 31, 2023, 11:59:01 PM","[<debiteurnummer-017277>]","1","4","46.42","1"
"SVTDC004","May 1, 2023, 12:00:00 AM","May 31, 2023, 11:58:59 PM","[<debiteurnummer-017277>]","1","4","43.83","1"
"Teamsoft","May 1, 2023, 12:00:00 AM","May 31, 2023, 11:58:57 PM","[<debiteurnummer-017523>]","-","3.75","520.03","0"
"templ-continuum-2019-std-rds","May 1, 2023, 12:00:00 AM","May 31, 2023, 11:58:57 PM","[<debiteurnummer-000002>]","-","24","18.21","-"
"template-almalinux9","May 1, 2023, 12:00:00 AM","May 31, 2023, 11:58:57 PM","[<debiteurnummer-000002>]","-","1","2.41","0"
"template-almalinux9-test","May 1, 2023, 12:00:00 AM","May 31, 2023, 11:58:57 PM","[<debiteurnummer-000002>]","-","1","2.41","-"
"template-centos-7","May 1, 2023, 12:00:00 AM","May 31, 2023, 11:58:57 PM","[<debiteurnummer-000002>]","-","2","2.2","-"
"template-centos-7-minimal-nIau","May 1, 2023, 12:00:00 AM","May 31, 2023, 11:58:57 PM","[<debiteurnummer-000002>]","-","4","1.59","0"
"template-centos-8","May 1, 2023, 12:00:00 AM","May 31, 2023, 11:58:57 PM","[<debiteurnummer-000002>]","-","1","4.66","-"
"template-debian-10","May 1, 2023, 12:00:00 AM","May 31, 2023, 11:58:57 PM","[<debiteurnummer-000002>]","-","2","10","-"
"template-w2012r2std","May 1, 2023, 12:00:00 AM","May 31, 2023, 11:58:57 PM","[<debiteurnummer-000002>]","-","4","23.08","-"
"template-w2016std","May 1, 2023, 12:00:00 AM","May 31, 2023, 11:58:57 PM","[<debiteurnummer-000002>]","-","4","27.92","-"
"template-w2019std","May 1, 2023, 12:00:00 AM","May 31, 2023, 11:58:57 PM","[<debiteurnummer-000002>]","-","4","17.74","-"
"Template-win-2016-std-41a7","May 1, 2023, 12:00:00 AM","May 31, 2023, 11:58:57 PM","[<debiteurnummer-000002>]","-","8","9.88","0"
"template-xg-18.0.4mr4","May 1, 2023, 12:00:00 AM","May 31, 2023, 11:58:57 PM","[<debiteurnummer-000002>]","-","4","96","-"
"test-TurA","May 1, 2023, 12:00:00 AM","May 31, 2023, 11:58:57 PM","[<debiteurnummer-000002>]","-","4","1.59","0"
"testwin-Wgg2","May 1, 2023, 12:00:00 AM","May 31, 2023, 11:58:57 PM","[<debiteurnummer-000002>]","-","8","9.93","0"
"THB-ACC-MUL02","May 1, 2023, 12:00:00 AM","May 31, 2023, 11:58:59 PM","[<debiteurnummer-017431>]","4","16","49.74","1"
"thb-fwl001","May 1, 2023, 12:00:00 AM","May 31, 2023, 11:59:01 PM","[<debiteurnummer-017431>]","8","16","189.38","1"
"thb-fwl002","May 1, 2023, 12:00:00 AM","May 31, 2023, 11:58:57 PM","[<debiteurnummer-017431>]","-","16","96","0"
"THB-HK-FSE02-WS2019","May 1, 2023, 12:00:00 AM","May 31, 2023, 11:58:59 PM","[<debiteurnummer-017431>]","2","12","3,641.87","1"
"THB-IC-ADF01","May 1, 2023, 12:00:00 AM","May 31, 2023, 11:59:01 PM","[<debiteurnummer-017431>]","2","4","59.5","1"
"THB-IC-ADP01","May 1, 2023, 12:00:00 AM","May 31, 2023, 11:58:59 PM","[<debiteurnummer-017431>]","2","4","37.42","1"
"THB-IC-DBS02","May 1, 2023, 12:00:00 AM","May 31, 2023, 11:58:58 PM","[<debiteurnummer-017431>]","4","24","509.09","1"
"THB-IC-EXC01","May 1, 2023, 12:00:00 AM","May 31, 2023, 11:58:59 PM","[<debiteurnummer-017431>]","2","8","128.14","1"
"THB-IC-MUL02","May 1, 2023, 12:00:00 AM","May 31, 2023, 11:58:58 PM","[<debiteurnummer-017431>]","4","16","48.51","1"
"THB-IC-NS01","May 1, 2023, 12:00:00 AM","May 31, 2023, 11:58:59 PM","[<debiteurnummer-017431>]","2","2","16.31","1"
"THB-IC-OVPN01","May 1, 2023, 12:00:00 AM","May 31, 2023, 11:59:00 PM","[<debiteurnummer-017431>]","1","2","10.09","1"
"THB-IC-VEC01","May 1, 2023, 12:00:00 AM","May 31, 2023, 11:58:58 PM","[<debiteurnummer-017431>]","2","4","54.11","1"
"THBAPP01","May 1, 2023, 12:00:00 AM","May 31, 2023, 11:58:59 PM","[<debiteurnummer-017431>]","2","8","53.38","1"
"THBAPP03","May 1, 2023, 12:00:00 AM","May 31, 2023, 11:58:58 PM","[<debiteurnummer-017431>]","2","16","56.29","1"
"THBCDC01","May 1, 2023, 12:00:00 AM","May 31, 2023, 11:58:59 PM","[<debiteurnummer-017431>]","2","6","48.86","1"
"THBCDC02","May 1, 2023, 12:00:00 AM","May 31, 2023, 11:59:01 PM","[<debiteurnummer-017431>]","2","6","45.59","1"
"THBDBS01","May 1, 2023, 12:00:00 AM","May 31, 2023, 11:58:58 PM","[<debiteurnummer-017431>]","2","12","103.34","1"
"THBDCS01","May 1, 2023, 12:00:00 AM","May 31, 2023, 11:58:59 PM","[<debiteurnummer-017431>]","2","4","31.66","1"
"THBDCS02","May 1, 2023, 12:00:00 AM","May 31, 2023, 11:58:59 PM","[<debiteurnummer-017431>]","2","4","30.98","1"
"THBDCS03","May 1, 2023, 12:00:00 AM","May 31, 2023, 11:59:01 PM","[<debiteurnummer-017431>]","2","4","32.18","1"
"THBDCS04","May 1, 2023, 12:00:00 AM","May 31, 2023, 11:58:59 PM","[<debiteurnummer-017431>]","1","4","33.79","1"
"THBHID01","May 1, 2023, 12:00:00 AM","May 31, 2023, 11:58:58 PM","[<debiteurnummer-017431>]","2","4","43.43","1"
"THBHID02","May 1, 2023, 12:00:00 AM","May 31, 2023, 11:59:00 PM","[<debiteurnummer-017431>]","2","4","30.32","1"
"thbmgt001","May 1, 2023, 12:00:00 AM","May 31, 2023, 11:58:59 PM","[<debiteurnummer-017431>]","2","8","64.9","1"
"THBSBC19001","May 1, 2023, 12:00:00 AM","May 31, 2023, 11:58:59 PM","[<debiteurnummer-017431>]","4","32","103.45","1"
"THBSBC19002","May 1, 2023, 12:00:00 AM","May 31, 2023, 11:58:59 PM","[<debiteurnummer-017431>]","4","32","102.18","1"
"THBSBC19003","May 1, 2023, 12:00:00 AM","May 31, 2023, 11:58:58 PM","[<debiteurnummer-017431>]","4","32","101.74","1"
"THBSBC19004","May 1, 2023, 12:00:00 AM","May 31, 2023, 11:58:58 PM","[<debiteurnummer-017431>]","4","32","102.44","1"
"THBSBC19005","May 1, 2023, 12:00:00 AM","May 31, 2023, 11:58:59 PM","[<debiteurnummer-017431>]","4","32","103.78","1"
"THBSBC19006","May 1, 2023, 12:00:00 AM","May 31, 2023, 11:59:01 PM","[<debiteurnummer-017431>]","4","32","99.44","1"
"THBSBC19007","May 1, 2023, 12:00:00 AM","May 31, 2023, 11:59:01 PM","[<debiteurnummer-017431>]","4","32","102.28","1"
"THBSBC19008","May 1, 2023, 12:00:00 AM","May 31, 2023, 11:58:58 PM","[<debiteurnummer-017431>]","4","32","100.86","1"
"THBSBC19009","May 1, 2023, 12:00:00 AM","May 31, 2023, 11:58:59 PM","[<debiteurnummer-017431>]","4","32","104.45","1"
"THBSBC19010","May 1, 2023, 12:00:00 AM","May 31, 2023, 11:58:59 PM","[<debiteurnummer-017431>]","4","32","103.96","1"
"THBSBC19011","May 1, 2023, 12:00:00 AM","May 31, 2023, 11:58:58 PM","[<debiteurnummer-017431>]","4","32","103.2","1"
"THBSBC19012","May 1, 2023, 12:00:00 AM","May 31, 2023, 11:59:00 PM","[<debiteurnummer-017431>]","4","32","103.88","1"
"THBSBC19013","May 1, 2023, 12:00:00 AM","May 31, 2023, 11:58:58 PM","[<debiteurnummer-017431>]","4","32","98.54","1"
"THBSBC19014","May 1, 2023, 12:00:00 AM","May 31, 2023, 11:58:58 PM","[<debiteurnummer-017431>]","4","32","103.27","1"
"THBSBC19015","May 1, 2023, 12:00:00 AM","May 31, 2023, 11:58:59 PM","[<debiteurnummer-017431>]","4","32","98.91","1"
"THBSBC19016","May 1, 2023, 12:00:00 AM","May 31, 2023, 11:58:58 PM","[<debiteurnummer-017431>]","4","32","97.57","1"
"THBSBC19017","May 1, 2023, 12:00:00 AM","May 31, 2023, 11:58:58 PM","[<debiteurnummer-017431>]","4","32","106.57","1"
"THBSBC19018","May 1, 2023, 12:00:00 AM","May 31, 2023, 11:58:58 PM","[<debiteurnummer-017431>]","4","32","105.61","1"
"THBSBC19019","May 1, 2023, 12:00:00 AM","May 31, 2023, 11:58:58 PM","[<debiteurnummer-017431>]","4","32","99.36","1"
"THBSBC19020","May 1, 2023, 12:00:00 AM","May 31, 2023, 11:59:01 PM","[<debiteurnummer-017431>]","4","32","99.71","1"
"THBSBC19021","May 1, 2023, 12:00:00 AM","May 31, 2023, 11:58:58 PM","[<debiteurnummer-017431>]","4","32","108.77","1"
"THBSBC19022","May 1, 2023, 12:00:00 AM","May 31, 2023, 11:59:01 PM","[<debiteurnummer-017431>]","4","32","104.9","1"
"THBSBC19023","May 1, 2023, 12:00:00 AM","May 31, 2023, 11:59:01 PM","[<debiteurnummer-017431>]","4","32","100.95","1"
"THBSBC19024","May 1, 2023, 12:00:00 AM","May 31, 2023, 11:58:58 PM","[<debiteurnummer-017431>]","4","32","105.7","1"
"THBSBC19025","May 1, 2023, 12:00:00 AM","May 31, 2023, 11:58:58 PM","[<debiteurnummer-017431>]","4","32","104.09","1"
"THBSBC19026","May 1, 2023, 12:00:00 AM","May 31, 2023, 11:58:58 PM","[<debiteurnummer-017431>]","4","32","105.59","1"
"THBSBC19027","May 1, 2023, 12:00:00 AM","May 31, 2023, 11:58:58 PM","[<debiteurnummer-017431>]","4","32","101.98","1"
"THBSBC19028","May 1, 2023, 12:00:00 AM","May 31, 2023, 11:58:58 PM","[<debiteurnummer-017431>]","4","32","98.17","1"
"THBSBC19029","May 1, 2023, 12:00:00 AM","May 31, 2023, 11:58:58 PM","[<debiteurnummer-017431>]","4","32","103.45","1"
"THBSBC19030","May 1, 2023, 12:00:00 AM","May 31, 2023, 11:58:58 PM","[<debiteurnummer-017431>]","4","32","102.45","1"
"THBSBC19031","May 1, 2023, 12:00:00 AM","May 31, 2023, 11:59:00 PM","[<debiteurnummer-017431>]","4","32","101.92","1"
"THBSBC19TEST11","May 18, 2023, 12:30:51 AM","May 31, 2023, 11:59:01 PM","none","4","32","79.41","1"
"THBSBC2019","May 1, 2023, 12:00:00 AM","May 31, 2023, 11:58:57 PM","[<debiteurnummer-017431>]","-","32","131.83","0"
"THBSEC01","May 1, 2023, 12:00:00 AM","May 31, 2023, 11:59:00 PM","[<debiteurnummer-017431>]","2","4","26.77","1"
"THBWEB05","May 1, 2023, 12:00:00 AM","May 31, 2023, 11:59:00 PM","[<debiteurnummer-017431>]","1","4","37.48","1"
"thiapp001.natschool.nl","May 1, 2023, 12:00:00 AM","May 31, 2023, 11:58:59 PM","[<debiteurnummer-015845>]","2","6","1,583.39","1"
"thisvs001","May 1, 2023, 12:00:00 AM","May 31, 2023, 11:59:00 PM","[<debiteurnummer-015845>]","2","8","67.29","1"
"TS01 - CliÃ«nten","May 1, 2023, 12:00:00 AM","May 31, 2023, 11:59:00 PM","[<debiteurnummer-011189>]","2","12","80.46","1"
"TSEAPP091","May 1, 2023, 12:00:00 AM","May 31, 2023, 11:59:00 PM","[<debiteurnummer-017448>]","2","10","684.05","1"
"TSEAPP099","May 1, 2023, 12:00:00 AM","May 31, 2023, 11:58:58 PM","[<debiteurnummer-017448>]","2","8","46.38","1"
"TSEBBB001","May 1, 2023, 12:00:00 AM","May 31, 2023, 11:59:01 PM","[<debiteurnummer-017448>]","4","8","47.01","1"
"tsedbs002.natschool.nl","May 1, 2023, 12:00:00 AM","May 31, 2023, 11:59:00 PM","[<debiteurnummer-017448>]","6","22","323.92","1"
"TSEDCS001","May 1, 2023, 12:00:00 AM","May 31, 2023, 11:59:00 PM","[<debiteurnummer-017448>]","1","4","42.33","1"
"TSEDCS002","May 1, 2023, 12:00:00 AM","May 31, 2023, 11:59:00 PM","[<debiteurnummer-017448>]","1","4","31.8","1"
"tselb005.natschool.nl","May 1, 2023, 12:00:00 AM","May 31, 2023, 11:59:01 PM","[<debiteurnummer-017448>]","2","4","13.77","1"
"tselb006.natschool.nl","May 1, 2023, 12:00:00 AM","May 31, 2023, 11:59:01 PM","[<debiteurnummer-017448>]","2","4","9.34","1"
"TVKAPP001_r16012023","May 1, 2023, 12:00:00 AM","May 31, 2023, 11:59:00 PM","[<debiteurnummer-011192>]","2","16","133.15","1"
"TVKDCS001_r16012023","May 1, 2023, 12:00:00 AM","May 31, 2023, 11:59:01 PM","[<debiteurnummer-011192>]","2","4","540.41","1"
"TVKDCS002_r16012023","May 1, 2023, 12:00:00 AM","May 31, 2023, 11:59:00 PM","[<debiteurnummer-011192>]","2","4","38.13","1"
"TVKEHS001_r16012023","May 1, 2023, 12:00:00 AM","May 31, 2023, 11:59:00 PM","[<debiteurnummer-011192>]","2","12","117.25","1"
"tvkrds001_r16012023","May 1, 2023, 12:00:00 AM","May 31, 2023, 11:58:59 PM","[<debiteurnummer-011192>]","4","24","164.53","1"
"tvkrds002.tonvankuyk.local","May 1, 2023, 12:00:00 AM","May 31, 2023, 11:59:00 PM","[<debiteurnummer-011192>]","4","24","50.69","1"
"TVKSCCM001_r16012023","May 1, 2023, 12:00:00 AM","May 31, 2023, 11:58:57 PM","[<debiteurnummer-011192>]","-","8","397.17","0"
"tvksccm002_r16012023","May 1, 2023, 12:00:00 AM","May 31, 2023, 11:58:58 PM","[<debiteurnummer-011192>]","2","8","211.81","1"
"UAS01","May 1, 2023, 12:00:00 AM","May 31, 2023, 11:59:00 PM","[<debiteurnummer-011189>]","1","4","83.77","1"
"UCS01","May 1, 2023, 12:00:00 AM","May 31, 2023, 11:59:00 PM","[<debiteurnummer-011189>]","2","8","16.66","1"
"upd11.nedis.net","May 1, 2023, 12:00:00 AM","May 31, 2023, 11:59:00 PM","[<debiteurnummer-011771>]","2","4","56.48","1"
"vcd01-cus-ehv","May 1, 2023, 12:00:00 AM","May 31, 2023, 11:58:58 PM","[<debiteurnummer-000002>]","4","24","218.92","1"
"vCLS-1729bd84-c91c-4ad4-ba5e-f21b2a87400d","May 1, 2023, 12:00:00 AM","May 31, 2023, 11:58:57 PM","none","1","0.12","2.22","1"
"vCLS-19c930fb-531b-402f-a44c-7245ee2947cb","May 1, 2023, 12:00:00 AM","May 31, 2023, 11:58:57 PM","none","1","0.12","0.99","1"
"vCLS-39892c0c-4208-4537-91cf-ffbed1067dd9","May 1, 2023, 12:00:00 AM","May 31, 2023, 11:58:57 PM","none","1","0.12","0.99","1"
"vCLS-3f6ca823-59bf-48a5-af7a-a9715b72c063","May 1, 2023, 12:00:00 AM","May 31, 2023, 11:58:57 PM","none","1","0.12","0.99","1"
"vCLS-7845dc94-972b-47d8-9112-a9cfc5566150","May 1, 2023, 12:00:00 AM","May 31, 2023, 11:58:57 PM","none","1","0.12","0.98","1"
"vCLS-9b6c3f6a-3143-4a04-94c4-25a6c2216319","May 1, 2023, 12:00:00 AM","May 31, 2023, 11:58:57 PM","none","1","0.12","2.22","1"
"vcsa01-cus-ehv.corp.acknowledge.cloud","May 1, 2023, 12:00:00 AM","May 31, 2023, 11:59:00 PM","[<debiteurnummer-000002>]","16","37","407.95","1"
"veeammgt003.corp.acknowledge.cloud","May 1, 2023, 12:00:00 AM","May 31, 2023, 11:59:00 PM","[<debiteurnummer-000002>]","4","16","45.29","1"
"veeammon001","May 1, 2023, 12:00:00 AM","May 31, 2023, 11:58:58 PM","[<debiteurnummer-000002>]","4","32","180.48","1"
"veeamprx001.corp.acknowledge.cloud","May 1, 2023, 12:00:00 AM","May 31, 2023, 11:59:01 PM","[<debiteurnummer-000002>]","8","16","70.56","1"
"veeamprx002.corp.acknowledge.cloud","May 1, 2023, 12:00:00 AM","May 31, 2023, 11:58:58 PM","[<debiteurnummer-000002>]","8","16","70.6","1"
"VeeamPRX005","May 1, 2023, 12:00:00 AM","May 31, 2023, 11:59:00 PM","[<debiteurnummer-000002>]","2","4","64.11","1"
"vem01-cus-ehv","May 1, 2023, 12:00:00 AM","May 31, 2023, 11:58:58 PM","[<debiteurnummer-000002>]","2","12","448.1","1"
"vinapp001.natschool.nl","May 1, 2023, 12:00:00 AM","May 31, 2023, 11:59:01 PM","[<debiteurnummer-017448>]","6","8","4,737.66","1"
"vindbs001.natschool.nl","May 1, 2023, 12:00:00 AM","May 31, 2023, 11:58:58 PM","[<debiteurnummer-017448>]","6","16","300.33","1"
"vintst001.natschool.nl","May 1, 2023, 12:00:00 AM","May 31, 2023, 11:59:00 PM","[<debiteurnummer-017448>]","6","8","166.02","1"
"VLC-APL-01","May 1, 2023, 12:00:00 AM","May 31, 2023, 11:59:01 PM","[<debiteurnummer-011196>]","4","20","1,962.18","1"
"vlc-apl-01nieuw.vlca.local","May 1, 2023, 12:00:00 AM","May 31, 2023, 11:58:58 PM","[<debiteurnummer-011196>]","4","16","632.8","1"
"VLC-APL-03","May 1, 2023, 12:00:00 AM","May 31, 2023, 11:58:58 PM","[<debiteurnummer-011196>]","2","8","906.33","1"
"VLC-APL-03A","May 1, 2023, 12:00:00 AM","May 31, 2023, 11:59:00 PM","[<debiteurnummer-011196>]","2","8","93.45","1"
"VLC-APL-03OT","May 1, 2023, 12:00:00 AM","May 31, 2023, 11:59:00 PM","[<debiteurnummer-011196>]","2","4","57.61","1"
"VLC-APL-04","May 1, 2023, 12:00:00 AM","May 31, 2023, 11:58:59 PM","[<debiteurnummer-011196>]","2","4","264.86","1"
"vlc-apl-04.vlca.local","May 1, 2023, 12:00:00 AM","May 31, 2023, 11:58:58 PM","[<debiteurnummer-011196>]","2","8","45.48","1"
"VLC-APL-04OT.vlca.local","May 1, 2023, 12:00:00 AM","May 31, 2023, 11:59:01 PM","[<debiteurnummer-011196>]","2","8","30.28","1"
"VLC-APL-05","May 1, 2023, 12:00:00 AM","May 31, 2023, 11:59:01 PM","[<debiteurnummer-011196>]","4","12","75.89","1"
"vlc-apl-05a","May 1, 2023, 12:00:00 AM","May 31, 2023, 11:59:00 PM","[<debiteurnummer-011196>]","2","8","78.2","1"
"VLC-APL-06","May 1, 2023, 12:00:00 AM","May 31, 2023, 11:58:59 PM","[<debiteurnummer-011196>]","4","8","83.6","1"
"vlc-apl-06a","May 1, 2023, 12:00:00 AM","May 31, 2023, 11:59:01 PM","[<debiteurnummer-011196>]","2","8","95.13","1"
"VLC-APL-07","May 1, 2023, 12:00:00 AM","May 31, 2023, 11:59:01 PM","[<debiteurnummer-011196>]","4","16","98.02","1"
"VLC-APL-11","May 1, 2023, 12:00:00 AM","May 31, 2023, 11:58:58 PM","[<debiteurnummer-011196>]","1","4","49.58","1"
"VLC-APL-12","May 1, 2023, 12:00:00 AM","May 31, 2023, 11:58:59 PM","[<debiteurnummer-011196>]","4","6","171.49","1"
"VLC-APL-12A","May 1, 2023, 12:00:00 AM","May 31, 2023, 11:58:59 PM","[<debiteurnummer-011196>]","2","4","55.78","1"
"VLC-APL-13","May 1, 2023, 12:00:00 AM","May 31, 2023, 11:58:59 PM","[<debiteurnummer-011196>]","4","8","141.2","1"
"VLC-APL-13A","May 1, 2023, 12:00:00 AM","May 31, 2023, 11:58:59 PM","[<debiteurnummer-011196>]","4","8","129.7","1"
"VLC-APL-14","May 1, 2023, 12:00:00 AM","May 31, 2023, 11:58:57 PM","[<debiteurnummer-011196>]","-","4","105.42","0"
"VLC-APL-15","May 1, 2023, 12:00:00 AM","May 31, 2023, 11:58:59 PM","[<debiteurnummer-011196>]","2","4","63.98","1"
"VLC-APL-16","May 1, 2023, 12:00:00 AM","May 31, 2023, 11:58:58 PM","[<debiteurnummer-011196>]","4","12","81.9","1"
"VLC-APL-17","May 1, 2023, 12:00:00 AM","May 31, 2023, 11:58:58 PM","[<debiteurnummer-011196>]","4","8","76.89","1"
"VLC-APL-18","May 1, 2023, 12:00:00 AM","May 31, 2023, 11:58:58 PM","[<debiteurnummer-011196>]","2","8","67.11","1"
"VLC-APL-19","May 1, 2023, 12:00:00 AM","May 31, 2023, 11:59:00 PM","[<debiteurnummer-011196>]","2","8","87.06","1"
"VLC-APL-20","May 1, 2023, 12:00:00 AM","May 31, 2023, 11:58:58 PM","[<debiteurnummer-011196>]","4","12","91.47","1"
"vlc-apl-20a","May 1, 2023, 12:00:00 AM","May 31, 2023, 11:58:58 PM","[<debiteurnummer-011196>]","4","8","63.09","1"
"vlc-apl-21","May 1, 2023, 12:00:00 AM","May 31, 2023, 11:59:00 PM","[<debiteurnummer-011196>]","8","16","61.91","1"
"VLC-CSC-01","May 1, 2023, 12:00:00 AM","May 31, 2023, 11:59:00 PM","[<debiteurnummer-011196>]","2","4","118.9","1"
"VLC-CWI-01","May 1, 2023, 12:00:00 AM","May 31, 2023, 11:58:57 PM","[<debiteurnummer-011196>]","-","4","39.1","0"
"VLC-DCS-01","May 1, 2023, 12:00:00 AM","May 31, 2023, 11:59:00 PM","[<debiteurnummer-011196>]","2","4","57.75","1"
"VLC-DCS-01A","May 1, 2023, 12:00:00 AM","May 31, 2023, 11:58:59 PM","[<debiteurnummer-011196>]","1","4","42.89","1"
"VLC-DCS-02","May 1, 2023, 12:00:00 AM","May 31, 2023, 11:59:00 PM","[<debiteurnummer-011196>]","2","4","52.09","1"
"VLC-DDC01","May 1, 2023, 12:00:00 AM","May 31, 2023, 11:58:58 PM","[<debiteurnummer-011196>]","2","8","47.6","1"
"VLC-DDC02","May 1, 2023, 12:00:00 AM","May 31, 2023, 11:59:01 PM","[<debiteurnummer-011196>]","2","8","47.42","1"
"VLC-EMS01","May 1, 2023, 12:00:00 AM","May 31, 2023, 11:59:01 PM","[<debiteurnummer-011196>]","4","24","2,108.78","1"
"VLC-EMS02","May 1, 2023, 12:00:00 AM","May 31, 2023, 11:58:58 PM","[<debiteurnummer-011196>]","4","24","1,786.64","1"
"VLC-EMS03","May 1, 2023, 12:00:00 AM","May 31, 2023, 11:58:59 PM","[<debiteurnummer-011196>]","4","24","2,221.59","1"
"VLC-EMS04","May 1, 2023, 12:00:00 AM","May 31, 2023, 11:58:59 PM","[<debiteurnummer-011196>]","4","24","2,890.88","1"
"VLC-FILECAP","May 1, 2023, 12:00:00 AM","May 31, 2023, 11:58:59 PM","[<debiteurnummer-011196>]","2","4","30.53","1"
"VLC-FSV-02a","May 1, 2023, 12:00:00 AM","May 31, 2023, 11:59:00 PM","[<debiteurnummer-011196>]","2","4","77","1"
"VLC-FSV-03","May 1, 2023, 12:00:00 AM","May 31, 2023, 11:58:59 PM","[<debiteurnummer-011196>]","2","8","11,576.77","1"
"VLC-FSV-04","May 1, 2023, 12:00:00 AM","May 31, 2023, 11:58:58 PM","[<debiteurnummer-011196>]","2","8","31.65","1"
"VLC-FSV-05","May 10, 2023, 3:21:36 PM","May 31, 2023, 11:59:01 PM","[<debiteurnummer-011196>]","4","16","144.29","1"
"VLC-MGT-01","May 1, 2023, 12:00:00 AM","May 31, 2023, 11:58:59 PM","[<debiteurnummer-011196>]","2","6","94.18","1"
"VLC-MGT-06","May 1, 2023, 12:00:00 AM","May 31, 2023, 11:58:57 PM","[<debiteurnummer-011196>]","-","6","55.15","0"
"VLC-MGT02","May 1, 2023, 12:00:00 AM","May 31, 2023, 11:58:58 PM","[<debiteurnummer-011196>]","2","8","104.8","1"
"VLC-MGT03","May 1, 2023, 12:00:00 AM","May 31, 2023, 11:59:01 PM","[<debiteurnummer-011196>]","2","8","103.8","1"
"VLC-NDES01","May 1, 2023, 12:00:00 AM","May 31, 2023, 11:58:59 PM","[<debiteurnummer-011196>]","2","4","42.75","1"
"VLC-OVPN-01","May 1, 2023, 12:00:00 AM","May 31, 2023, 11:59:01 PM","[<debiteurnummer-011196>]","1","1","15.58","1"
"VLC-PRT02","May 1, 2023, 12:00:00 AM","May 31, 2023, 11:59:00 PM","[<debiteurnummer-011196>]","2","4","64.03","1"
"VLC-PVS01","May 1, 2023, 12:00:00 AM","May 31, 2023, 11:58:59 PM","[<debiteurnummer-011196>]","2","8","392.45","1"
"VLC-PVS02","May 1, 2023, 12:00:00 AM","May 31, 2023, 11:58:59 PM","[<debiteurnummer-011196>]","2","8","376.14","1"
"VLC-SBC-01A","May 1, 2023, 12:00:00 AM","May 31, 2023, 11:58:59 PM","[<debiteurnummer-011196>]","2","4","51.97","1"
"VLC-SBC01","May 1, 2023, 12:00:00 AM","May 31, 2023, 11:58:59 PM","[<debiteurnummer-011196>]","4","32","58.77","1"
"VLC-SBC02","May 1, 2023, 12:00:00 AM","May 31, 2023, 11:58:59 PM","[<debiteurnummer-011196>]","4","32","53.56","1"
"VLC-SBC03","May 1, 2023, 12:00:00 AM","May 31, 2023, 11:58:58 PM","[<debiteurnummer-011196>]","4","32","55.41","1"
"VLC-SBC04","May 1, 2023, 12:00:00 AM","May 31, 2023, 11:58:59 PM","[<debiteurnummer-011196>]","4","32","61.39","1"
"VLC-SBC05","May 1, 2023, 12:00:00 AM","May 31, 2023, 11:59:00 PM","[<debiteurnummer-011196>]","4","32","57.07","1"
"VLC-SBC06","May 1, 2023, 12:00:00 AM","May 31, 2023, 11:59:01 PM","[<debiteurnummer-011196>]","4","32","55.49","1"
"VLC-SBC07","May 1, 2023, 12:00:00 AM","May 31, 2023, 11:58:58 PM","[<debiteurnummer-011196>]","4","32","58.54","1"
"VLC-SBC08","May 1, 2023, 12:00:00 AM","May 31, 2023, 11:59:00 PM","[<debiteurnummer-011196>]","4","32","54.3","1"
"VLC-SBC09","May 1, 2023, 12:00:00 AM","May 31, 2023, 11:59:00 PM","[<debiteurnummer-011196>]","4","32","64.92","1"
"VLC-SBC10","May 1, 2023, 12:00:00 AM","May 31, 2023, 11:58:58 PM","[<debiteurnummer-011196>]","4","32","59.34","1"
"VLC-SBC11","May 1, 2023, 12:00:00 AM","May 31, 2023, 11:58:58 PM","[<debiteurnummer-011196>]","4","32","59.13","1"
"VLC-SBC12","May 1, 2023, 12:00:00 AM","May 31, 2023, 11:59:01 PM","[<debiteurnummer-011196>]","4","32","60.35","1"
"VLC-SBC13","May 1, 2023, 12:00:00 AM","May 31, 2023, 11:59:01 PM","[<debiteurnummer-011196>]","4","32","57.96","1"
"VLC-SBC14","May 1, 2023, 12:00:00 AM","May 31, 2023, 11:58:59 PM","[<debiteurnummer-011196>]","4","32","54.7","1"
"VLC-SBC15","May 1, 2023, 12:00:00 AM","May 31, 2023, 11:58:59 PM","[<debiteurnummer-011196>]","4","32","61.52","1"
"VLC-SBC16","May 1, 2023, 12:00:00 AM","May 31, 2023, 11:59:00 PM","[<debiteurnummer-011196>]","4","32","59.28","1"
"VLC-SBC17","May 1, 2023, 12:00:00 AM","May 31, 2023, 11:58:58 PM","[<debiteurnummer-011196>]","4","32","60.2","1"
"VLC-SBC18","May 1, 2023, 12:00:00 AM","May 31, 2023, 11:59:00 PM","[<debiteurnummer-011196>]","4","32","56.84","1"
"VLC-SBC19","May 1, 2023, 12:00:00 AM","May 31, 2023, 11:59:00 PM","[<debiteurnummer-011196>]","4","32","53.83","1"
"VLC-SBC20","May 1, 2023, 12:00:00 AM","May 31, 2023, 11:58:58 PM","[<debiteurnummer-011196>]","4","32","58.48","1"
"VLC-SBC21","May 1, 2023, 12:00:00 AM","May 31, 2023, 11:58:58 PM","[<debiteurnummer-011196>]","4","32","60.85","1"
"VLC-SBC22","May 1, 2023, 12:00:00 AM","May 31, 2023, 11:58:59 PM","[<debiteurnummer-011196>]","4","32","56.68","1"
"VLC-SBC23","May 1, 2023, 12:00:00 AM","May 31, 2023, 11:58:59 PM","[<debiteurnummer-011196>]","4","32","58.92","1"
"VLC-SBC24","May 1, 2023, 12:00:00 AM","May 31, 2023, 11:58:58 PM","[<debiteurnummer-011196>]","4","32","59.68","1"
"VLC-SBC25","May 1, 2023, 12:00:00 AM","May 31, 2023, 11:59:01 PM","[<debiteurnummer-011196>]","4","32","57.02","1"
"VLC-SBC26","May 1, 2023, 12:00:00 AM","May 31, 2023, 11:59:00 PM","[<debiteurnummer-011196>]","4","32","58.34","1"
"VLC-SBC27","May 1, 2023, 12:00:00 AM","May 31, 2023, 11:58:58 PM","[<debiteurnummer-011196>]","4","32","61.12","1"
"VLC-SBC28","May 1, 2023, 12:00:00 AM","May 31, 2023, 11:59:01 PM","[<debiteurnummer-011196>]","4","32","59.04","1"
"VLC-SBC29","May 1, 2023, 12:00:00 AM","May 31, 2023, 11:59:01 PM","[<debiteurnummer-011196>]","4","32","55.04","1"
"VLC-SBC30","May 1, 2023, 12:00:00 AM","May 31, 2023, 11:58:59 PM","[<debiteurnummer-011196>]","4","32","56.17","1"
"VLC-SBCACC","May 1, 2023, 12:00:00 AM","May 31, 2023, 11:58:58 PM","[<debiteurnummer-011196>]","4","16","17.51","1"
"VLC-SBCACC01","May 1, 2023, 12:00:00 AM","May 31, 2023, 11:58:57 PM","[<debiteurnummer-011196>]","-","16","2.66","0"
"VLC-SBCMaster","May 1, 2023, 12:00:00 AM","May 31, 2023, 11:58:57 PM","[<debiteurnummer-011196>]","-","8","21.95","0"
"VLC-SBCTEST","May 1, 2023, 12:00:00 AM","May 31, 2023, 11:58:57 PM","[<debiteurnummer-011196>]","-","16","0.58","0"
"VLC-SPP-02","May 1, 2023, 12:00:00 AM","May 31, 2023, 11:58:57 PM","[<debiteurnummer-011196>]","-","16","80.5","0"
"VLC-SQL-02","May 1, 2023, 12:00:00 AM","May 31, 2023, 11:58:58 PM","[<debiteurnummer-011196>]","4","24","262.46","1"
"VLC-SQL-02A","May 1, 2023, 12:00:00 AM","May 31, 2023, 11:58:59 PM","[<debiteurnummer-011196>]","2","8","177.77","1"
"VLC-SQL-04","May 1, 2023, 12:00:00 AM","May 31, 2023, 11:59:00 PM","[<debiteurnummer-011196>]","2","4","105.14","1"
"VLC-SQL-06","May 1, 2023, 12:00:00 AM","May 31, 2023, 11:58:59 PM","[<debiteurnummer-011196>]","4","12","214.55","1"
"VLC-STF01","May 1, 2023, 12:00:00 AM","May 31, 2023, 11:58:59 PM","[<debiteurnummer-011196>]","2","4","59.52","1"
"VLC-VPN01","May 1, 2023, 12:00:00 AM","May 31, 2023, 11:58:59 PM","[<debiteurnummer-011196>]","2","4","42.55","1"
"VLC-VPX01N","May 1, 2023, 12:00:00 AM","May 31, 2023, 11:58:57 PM","[<debiteurnummer-011196>]","-","2","3.99","0"
"VLC-VPX02","May 1, 2023, 12:00:00 AM","May 31, 2023, 11:59:00 PM","[<debiteurnummer-011196>]","2","2","22.08","1"
"VLC-WEB-02","May 1, 2023, 12:00:00 AM","May 31, 2023, 11:58:59 PM","[<debiteurnummer-011196>]","1","8","62.41","1"
"vlc-web-02nieuw.vlca.local","May 1, 2023, 12:00:00 AM","May 31, 2023, 11:59:01 PM","[<debiteurnummer-011196>]","1","4","34.34","1"
"VLC-WEB-03","May 1, 2023, 12:00:00 AM","May 31, 2023, 11:59:01 PM","[<debiteurnummer-011196>]","1","1","20.76","1"
"VLC-WEB-06","May 1, 2023, 12:00:00 AM","May 31, 2023, 11:59:00 PM","[<debiteurnummer-011196>]","2","4","2,241.24","1"
"vlclnx002","May 1, 2023, 12:00:00 AM","May 31, 2023, 11:58:58 PM","[<debiteurnummer-011196>]","2","4","24.67","1"
"VLCM-DBM001","May 1, 2023, 12:00:00 AM","May 31, 2023, 11:58:57 PM","[<debiteurnummer-011196>]","-","16","662.35","0"
"VLCM-DC001","May 1, 2023, 12:00:00 AM","May 31, 2023, 11:59:00 PM","[<debiteurnummer-011196>]","2","4","53.78","1"
"VLCM-DC002","May 1, 2023, 12:00:00 AM","May 31, 2023, 11:58:58 PM","[<debiteurnummer-011196>]","2","4","48.15","1"
"VLCM-FS002","May 1, 2023, 12:00:00 AM","May 31, 2023, 11:58:57 PM","[<debiteurnummer-011196>]","-","12","2,821.29","0"
"VLCM-LVL002","May 1, 2023, 12:00:00 AM","May 31, 2023, 11:58:57 PM","[<debiteurnummer-011196>]","-","16","1,099.66","0"
"VLCM-PRN001","May 1, 2023, 12:00:00 AM","May 31, 2023, 11:58:58 PM","[<debiteurnummer-011196>]","2","4","25.2","1"
"VLCM-SHAM001","May 1, 2023, 12:00:00 AM","May 31, 2023, 11:58:57 PM","[<debiteurnummer-011196>]","-","8","147.1","0"
"vli-cus-ehv","May 1, 2023, 12:00:00 AM","May 31, 2023, 11:58:58 PM","[<debiteurnummer-000002>]","4","8","1,676.94","1"
"volvo-rtr01-ehv","May 1, 2023, 12:00:00 AM","May 31, 2023, 11:58:58 PM","[<debiteurnummer-000002>]","2","2","8.06","1"
"vOMR03","May 1, 2023, 12:00:00 AM","May 31, 2023, 11:59:00 PM","[<debiteurnummer-014146>]","4","8","54.38","1"
"vpn001","May 1, 2023, 12:00:00 AM","May 31, 2023, 11:58:59 PM","[<debiteurnummer-013469>]","1","4","40.28","1"
"VPN01","May 1, 2023, 12:00:00 AM","May 31, 2023, 11:58:59 PM","[<debiteurnummer-011189>]","2","8","54.81","1"
"vpn01.nedis.net","May 1, 2023, 12:00:00 AM","May 31, 2023, 11:58:58 PM","[<debiteurnummer-011771>]","2","4","38.56","1"
"vro01-cus-ehv","May 1, 2023, 12:00:00 AM","May 31, 2023, 11:58:58 PM","[<debiteurnummer-000002>]","4","16","516.08","1"
"vSAN-Monitor","May 1, 2023, 12:00:00 AM","May 31, 2023, 11:59:01 PM","[<debiteurnummer-000002>]","1","2","19.85","1"
"vum-cus-ehv","May 1, 2023, 12:00:00 AM","May 31, 2023, 11:59:01 PM","[<debiteurnummer-000002>]","-","3.52","121.21","0"
"vum01-cus-ehv","May 1, 2023, 12:00:00 AM","May 31, 2023, 11:59:01 PM","[<debiteurnummer-000002>]","2","8","45.72","1"
"vVPX01","May 1, 2023, 12:00:00 AM","May 31, 2023, 11:59:01 PM","[<debiteurnummer-014146>]","2","2","30.16","1"
"vVPX02","May 1, 2023, 12:00:00 AM","May 31, 2023, 11:58:57 PM","[<debiteurnummer-014146>]","-","2","8.76","0"
"W10 - VM1","May 1, 2023, 12:00:00 AM","May 31, 2023, 11:58:57 PM","[<debiteurnummer-013469>]","-","6","12.44","0"
"W1012","May 1, 2023, 12:00:00 AM","May 31, 2023, 11:58:59 PM","[<debiteurnummer-017523>]","1","4","84.1","1"
"W1018","May 1, 2023, 12:00:00 AM","May 31, 2023, 11:59:00 PM","[<debiteurnummer-017523>]","2","8","59.19","1"
"W1023","May 1, 2023, 12:00:00 AM","May 31, 2023, 11:58:57 PM","[<debiteurnummer-017523>]","-","0.5","25","0"
"W1027","May 1, 2023, 12:00:00 AM","May 31, 2023, 11:58:58 PM","[<debiteurnummer-017523>]","1","4","69.09","1"
"W1028","May 1, 2023, 12:00:00 AM","May 31, 2023, 11:59:00 PM","[<debiteurnummer-017523>]","2","8","88.22","1"
"w11test","May 2, 2023, 3:01:15 PM","May 31, 2023, 11:58:57 PM","none","-","4","100","0"
"w11test2","May 16, 2023, 3:09:19 PM","May 31, 2023, 11:59:01 PM","none","2","4","65.46","1"
"WAP01","May 1, 2023, 12:00:00 AM","May 31, 2023, 11:58:59 PM","[<debiteurnummer-013469>]","1","4","30.71","1"
"WAP01.st-neos.local","May 1, 2023, 12:00:00 AM","May 31, 2023, 11:58:58 PM","[<debiteurnummer-011189>]","1","4","43.36","1"
"wdb11.dev.nedis.net","May 1, 2023, 12:00:00 AM","May 31, 2023, 11:59:00 PM","[<debiteurnummer-011771>]","1","2","29.68","1"
"wdb11.nedis.net","May 1, 2023, 12:00:00 AM","May 31, 2023, 11:58:59 PM","[<debiteurnummer-011771>]","4","16","62.07","1"
"wdb11.test.nedis.net","May 1, 2023, 12:00:00 AM","May 31, 2023, 11:58:58 PM","[<debiteurnummer-011771>]","2","4","32.93","1"
"wdb12.nedis.net_restore","May 1, 2023, 12:00:00 AM","May 31, 2023, 11:58:59 PM","[<debiteurnummer-011771>]","4","16","60.91","1"
"wdb12.test.nedis.net","May 1, 2023, 12:00:00 AM","May 31, 2023, 11:58:58 PM","[<debiteurnummer-011771>]","2","4","32.95","1"
"wdb13.nedis.net","May 1, 2023, 12:00:00 AM","May 31, 2023, 11:58:58 PM","[<debiteurnummer-011771>]","4","16","63.7","1"
"wdb13.test.nedis.net","May 1, 2023, 12:00:00 AM","May 31, 2023, 11:58:58 PM","[<debiteurnummer-011771>]","2","4","32.95","1"
"WEB01","May 1, 2023, 12:00:00 AM","May 31, 2023, 11:59:01 PM","[<debiteurnummer-011189>]","2","4","18.01","1"
"web01.summa.local","May 1, 2023, 12:00:00 AM","May 31, 2023, 11:58:58 PM","[<debiteurnummer-013469>]","4","12","79.8","1"
"web01.vlc.local","May 1, 2023, 12:00:00 AM","May 31, 2023, 11:58:59 PM","[<debiteurnummer-011196>]","2","4","39.66","1"
"WEB02.st-neos.local","May 1, 2023, 12:00:00 AM","May 31, 2023, 11:58:59 PM","[<debiteurnummer-011189>]","2","16","154.64","1"
"web11.dev.nedis.net","May 1, 2023, 12:00:00 AM","May 31, 2023, 11:58:58 PM","[<debiteurnummer-011771>]","2","4","32.95","1"
"web11.nedis.net","May 1, 2023, 12:00:00 AM","May 31, 2023, 11:59:01 PM","[<debiteurnummer-011771>]","8","12","45.9","1"
"web11.test.nedis.net","May 1, 2023, 12:00:00 AM","May 31, 2023, 11:58:59 PM","[<debiteurnummer-011771>]","4","4","27.94","1"
"web12.nedis.net","May 1, 2023, 12:00:00 AM","May 31, 2023, 11:59:00 PM","[<debiteurnummer-011771>]","8","12","45.89","1"
"web12.test.nedis.net","May 1, 2023, 12:00:00 AM","May 31, 2023, 11:59:01 PM","[<debiteurnummer-011771>]","4","4","27.94","1"
"web13.nedis.net","May 1, 2023, 12:00:00 AM","May 31, 2023, 11:59:01 PM","[<debiteurnummer-011771>]","2","6","39.56","1"
"web91.summa.local","May 1, 2023, 12:00:00 AM","May 31, 2023, 11:59:01 PM","[<debiteurnummer-013469>]","4","12","48.15","1"
"WLC01","May 1, 2023, 12:00:00 AM","May 31, 2023, 11:58:58 PM","[<debiteurnummer-011189>]","2","8","10.43","1"
"wms01.vlc.local","May 1, 2023, 12:00:00 AM","May 31, 2023, 11:58:57 PM","[<debiteurnummer-011196>]","-","6","30.92","0"
"WS1010","May 1, 2023, 12:00:00 AM","May 31, 2023, 11:58:58 PM","[<debiteurnummer-013469>]","2","6","79.37","1"
"XD-Temp-23-3-2023 11:19:50-ac4d770f-0f45-4e16-8937-e3f82d0defd9","May 1, 2023, 12:00:00 AM","May 31, 2023, 11:58:57 PM","none","-","8","0","0"

